-- phpMyAdmin SQL Dump
-- version 5.0.4
-- https://www.phpmyadmin.net/
--
-- Host: 127.0.0.1
-- Generation Time: May 18, 2021 at 06:29 PM
-- Server version: 10.4.17-MariaDB
-- PHP Version: 7.2.34

SET SQL_MODE = "NO_AUTO_VALUE_ON_ZERO";
START TRANSACTION;
SET time_zone = "+00:00";


/*!40101 SET @OLD_CHARACTER_SET_CLIENT=@@CHARACTER_SET_CLIENT */;
/*!40101 SET @OLD_CHARACTER_SET_RESULTS=@@CHARACTER_SET_RESULTS */;
/*!40101 SET @OLD_COLLATION_CONNECTION=@@COLLATION_CONNECTION */;
/*!40101 SET NAMES utf8mb4 */;

--
-- Database: `suwan_main`
--

-- --------------------------------------------------------

--
-- Table structure for table `bank`
--

CREATE TABLE `bank` (
  `id_bank` int(11) NOT NULL,
  `name` varchar(255) NOT NULL,
  `branch` varchar(255) DEFAULT NULL,
  `account_number` varchar(100) DEFAULT NULL,
  `account_name` varchar(45) DEFAULT NULL,
  `image` varchar(100) DEFAULT NULL,
  `directory` varchar(100) DEFAULT NULL,
  `create_id` varchar(35) NOT NULL,
  `create_datetime` datetime(6) NOT NULL,
  `update_id` varchar(35) DEFAULT NULL,
  `update_datetime` datetime(6) DEFAULT NULL,
  `delete_datetime` datetime DEFAULT NULL,
  `qrcode` varchar(255) DEFAULT NULL,
  `qrcode_image` varchar(255) DEFAULT NULL,
  `qrcode_directory` varchar(255) DEFAULT NULL,
  `id_tutor` varchar(35) DEFAULT NULL,
  `name_en` varchar(255) NOT NULL,
  `branch_en` varchar(255) NOT NULL,
  `account_name_en` varchar(255) NOT NULL,
  `no` int(11) NOT NULL
) ENGINE=InnoDB DEFAULT CHARSET=utf8;

-- --------------------------------------------------------

--
-- Table structure for table `card`
--

CREATE TABLE `card` (
  `id` varchar(35) NOT NULL,
  `number` int(4) NOT NULL,
  `card_number` varchar(18) NOT NULL,
  `status` tinyint(1) NOT NULL COMMENT '1 = ใช้งานได้ ,0 = ระงับการใช้งาน',
  `amount` int(11) NOT NULL,
  `Issue_date` datetime NOT NULL,
  `last_update` datetime NOT NULL,
  `id_employee` varchar(35) NOT NULL COMMENT 'ผู้ออกบัตร'
) ENGINE=InnoDB DEFAULT CHARSET=utf8;

--
-- Dumping data for table `card`
--

INSERT INTO `card` (`id`, `number`, `card_number`, `status`, `amount`, `Issue_date`, `last_update`, `id_employee`) VALUES
('a11efc5917319fe89a5le290e419900902f', 128, '000211682803219676', 1, 0, '2021-04-01 17:05:13', '2021-05-17 15:01:07', 'x952ef7b81d11232f4d65ab4e0a761oe1cz'),
('a1441203f128a319cu1829021f6074cde5b', 86, '000001590000015900', 1, 0, '2021-04-01 16:54:58', '0000-00-00 00:00:00', 'x952ef7b81d11232f4d65ab4e0a761oe1cz'),
('a18b36n1e95421db48bab4301543d42f84f', 16, '000134415802033438', 1, 0, '2021-04-01 13:10:43', '0000-00-00 00:00:00', 'x952ef7b81d11232f4d65ab4e0a761oe1cz'),
('a3b44044512a6d1873cc6595f1496a0na2t', 245, '000205535303123737', 1, 0, '2021-04-01 17:40:56', '0000-00-00 00:00:00', 'x952ef7b81d11232f4d65ab4e0a761oe1cz'),
('a8224720282100bc4bf076b47ae5a203c6o', 208, '000000416400004164', 1, 0, '2021-04-01 17:30:54', '0000-00-00 00:00:00', 'x952ef7b81d11232f4d65ab4e0a761oe1cz'),
('a91adf6284200p685c6039489b6848107ac', 205, '000196793403001854', 1, 0, '2021-04-01 17:29:43', '0000-00-00 00:00:00', 'x952ef7b81d11232f4d65ab4e0a761oe1cz'),
('ab46b80d846d3f4309a69cf2ffd942t768x', 283, '000071572701060367', 1, 0, '2021-04-01 17:49:10', '0000-00-00 00:00:00', 'x952ef7b81d11232f4d65ab4e0a761oe1cz'),
('abf8beceb01c6f9cdaca1u60b70fd04239t', 210, '000198053103014451', 1, 0, '2021-04-01 17:31:27', '0000-00-00 00:00:00', 'x952ef7b81d11232f4d65ab4e0a761oe1cz'),
('accb16f33c0a8db161ccd3a61m0882ad63j', 8, '000209315703161541', 1, 5, '2021-04-01 13:05:16', '2021-05-18 09:24:39', 'x952ef7b81d11232f4d65ab4e0a761oe1cz'),
('acf585c90c90f63a16891a6af421ff394ea', 246, '000212744203230290', 1, 0, '2021-04-01 17:41:15', '0000-00-00 00:00:00', 'x952ef7b81d11232f4d65ab4e0a761oe1cz'),
('ae8kcf5c5815ea241f5a936f74c5ba77d5u', 166, '000138099502104739', 1, 0, '2021-04-01 17:16:30', '0000-00-00 00:00:00', 'x952ef7b81d11232f4d65ab4e0a761oe1cz'),
('b00c8ce8ec15a49d6f063176aa3aap4765f', 73, '000196215402961610', 1, 0, '2021-04-01 16:51:58', '0000-00-00 00:00:00', 'x952ef7b81d11232f4d65ab4e0a761oe1cz'),
('b04m95555b13b08a522af6cae72c78bcc5r', 141, '000209260103160985', 1, 0, '2021-04-01 17:10:30', '2021-05-18 12:11:32', 'x952ef7b81d11232f4d65ab4e0a761oe1cz'),
('b1603527c441a783884fed8ae9579f7az3o', 201, '000195540302954859', 1, 0, '2021-04-01 17:28:57', '0000-00-00 00:00:00', 'x952ef7b81d11232f4d65ab4e0a761oe1cz'),
('b1e7fdda4d427c39e31bfcc38641f9aapak', 217, '000212464603227494', 1, 0, '2021-04-01 17:32:57', '0000-00-00 00:00:00', 'x952ef7b81d11232f4d65ab4e0a761oe1cz'),
('b3695f9f008e6c2393fybc09ce8469c5f4h', 9, '000210772003210568', 1, 100, '2021-04-01 13:05:26', '2021-05-17 09:38:41', 'x952ef7b81d11232f4d65ab4e0a761oe1cz'),
('b754e2bc2d49ec558fcc2en77890984822z', 60, '000205117303119557', 1, 0, '2021-04-01 16:49:15', '0000-00-00 00:00:00', 'x952ef7b81d11232f4d65ab4e0a761oe1cz'),
('b861c8043e610d1ef4da3f9cw1e733122dd', 54, '000040493900611723', 1, 0, '2021-04-01 16:47:24', '0000-00-00 00:00:00', 'x952ef7b81d11232f4d65ab4e0a761oe1cz'),
('b8fa896623f78d26644cc358cf09780aq4h', 115, '000089061301338645', 1, 0, '2021-04-01 17:02:13', '0000-00-00 00:00:00', 'x952ef7b81d11232f4d65ab4e0a761oe1cz'),
('bab9064180f0677b3bfb51b887e1897a42q', 19, '000211359503216443', 1, 40, '2021-04-01 13:11:37', '2021-05-18 12:00:28', 'x952ef7b81d11232f4d65ab4e0a761oe1cz'),
('bb257659ebf664336l5a609d9d6c331cfdu', 297, '000195895402958410', 1, 40, '2021-04-01 17:52:48', '2021-05-18 12:50:46', 'x952ef7b81d11232f4d65ab4e0a761oe1cz'),
('bds8ed15c28a1f2df11b4c3fd58a02026eg', 95, '000197287503006795', 1, 0, '2021-04-01 16:56:40', '0000-00-00 00:00:00', 'x952ef7b81d11232f4d65ab4e0a761oe1cz'),
('bf0f3a6750dcdfa73e12983ddc156i3fbal', 265, '000070105101045691', 1, 0, '2021-04-01 17:44:54', '0000-00-00 00:00:00', 'x952ef7b81d11232f4d65ab4e0a761oe1cz'),
('bf19855c673e89be8e1907da2e898c8q37h', 206, '000081201201225580', 1, 0, '2021-04-01 17:30:27', '0000-00-00 00:00:00', 'x952ef7b81d11232f4d65ab4e0a761oe1cz'),
('bme63678fa0cf455dd07d11bb83b669bddi', 11, '000005704500057045', 1, 0, '2021-04-01 13:09:41', '0000-00-00 00:00:00', 'x952ef7b81d11232f4d65ab4e0a761oe1cz'),
('btd6787f8488e45444566a314070beddcbn', 280, '000200759503041515', 1, 0, '2021-04-01 17:48:38', '0000-00-00 00:00:00', 'x952ef7b81d11232f4d65ab4e0a761oe1cz'),
('c0fcb6b7c08e1d2d88dea7a37c8ee7622dh', 151, '000207141103139795', 1, 0, '2021-04-01 17:12:38', '0000-00-00 00:00:00', 'x952ef7b81d11232f4d65ab4e0a761oe1cz'),
('c0s7c84d50f06f746150e2cfa936f88fa8e', 286, '000063015800940334', 1, 0, '2021-04-01 17:49:55', '0000-00-00 00:00:00', 'x952ef7b81d11232f4d65ab4e0a761oe1cz'),
('c168702437bdci4f13f040198d4424d765f', 237, '000205475203123136', 1, 0, '2021-04-01 17:38:49', '0000-00-00 00:00:00', 'x952ef7b81d11232f4d65ab4e0a761oe1cz'),
('c35077d706485e62f33781aace29a07f4nx', 274, '000205001003118394', 1, 0, '2021-04-01 17:46:44', '2021-04-01 17:47:15', 'x952ef7b81d11232f4d65ab4e0a761oe1cz'),
('caafb360cb12aec9e1c2e5150eda23cc52f', 83, '000212022103223069', 1, 0, '2021-04-01 16:54:07', '0000-00-00 00:00:00', 'x952ef7b81d11232f4d65ab4e0a761oe1cz'),
('ce16a4o4bdf9f8cc70fd26ca344e70b73ek', 78, '000067389201018532', 1, 0, '2021-04-01 16:53:08', '0000-00-00 00:00:00', 'x952ef7b81d11232f4d65ab4e0a761oe1cz'),
('ceb89e774c272ae41a1b699fd56e71f773x', 30, '000068166201026302', 1, 10, '2021-04-01 13:16:51', '2021-05-18 10:45:33', 'x952ef7b81d11232f4d65ab4e0a761oe1cz'),
('cf11f886d016fa3926qf9568099d741a51d', 5, '000197906303012983', 1, 0, '2021-04-01 13:04:44', '2021-05-18 14:21:51', 'x952ef7b81d11232f4d65ab4e0a761oe1cz'),
('cy11cec7682fe1161e55a960ad69ef3078j', 254, '000218569003323002', 1, 0, '2021-04-01 17:42:38', '0000-00-00 00:00:00', 'x952ef7b81d11232f4d65ab4e0a761oe1cz'),
('d0321a5ee785692ecz40143c643bc94fe2o', 260, '000205129803119682', 1, 0, '2021-04-01 17:44:00', '0000-00-00 00:00:00', 'x952ef7b81d11232f4d65ab4e0a761oe1cz'),
('d19f1e3b5becf733f78823a1i4f57cdfd3o', 72, '000091294501360977', 1, 0, '2021-04-01 16:51:48', '0000-00-00 00:00:00', 'x952ef7b81d11232f4d65ab4e0a761oe1cz'),
('d1fa4999d5id055b20564a766ae8b5dbc5k', 135, '000133797702027257', 1, 0, '2021-04-01 17:06:50', '2021-05-18 14:12:09', 'x952ef7b81d11232f4d65ab4e0a761oe1cz'),
('d5434fcf9040beb97ab6ecb2262o6d6dfbc', 214, '000210353703206385', 1, 0, '2021-04-01 17:32:14', '0000-00-00 00:00:00', 'x952ef7b81d11232f4d65ab4e0a761oe1cz'),
('d5b8c522f85ae9fc05c62bdd71a0n534c1z', 211, '000208238703150771', 1, 0, '2021-04-01 17:31:41', '0000-00-00 00:00:00', 'x952ef7b81d11232f4d65ab4e0a761oe1cz'),
('d783adic514787d447fc301481cba1f9fah', 223, '000076540901144513', 1, 0, '2021-04-01 17:35:00', '0000-00-00 00:00:00', 'x952ef7b81d11232f4d65ab4e0a761oe1cz'),
('d89832ea59cbd7d076088189afdfafbuefp', 228, '000226254403434320', 1, 0, '2021-04-01 17:36:28', '0000-00-00 00:00:00', 'x952ef7b81d11232f4d65ab4e0a761oe1cz'),
('d8bu337497f52ca5d3b948940861486401u', 270, '000203840803106792', 1, 0, '2021-04-01 17:45:57', '0000-00-00 00:00:00', 'x952ef7b81d11232f4d65ab4e0a761oe1cz'),
('da8f5882fe7b64590dc4b34cfdac98000ez', 155, '000208025003148634', 1, 0, '2021-04-01 17:13:59', '0000-00-00 00:00:00', 'x952ef7b81d11232f4d65ab4e0a761oe1cz'),
('dab716deb07531f3843179c76d075db6d4o', 38, '000198471003018630', 1, 0, '2021-04-01 13:21:26', '2021-05-18 12:23:28', 'x952ef7b81d11232f4d65ab4e0a761oe1cz'),
('dd481705a255e06d220a3fk9b777dc4dacz', 165, '000209746803200316', 1, 0, '2021-04-01 17:16:12', '0000-00-00 00:00:00', 'x952ef7b81d11232f4d65ab4e0a761oe1cz'),
('de247b34d00c4b765bk91a0eecd9bb99aag', 154, '000207990503148289', 1, 0, '2021-04-01 17:13:51', '0000-00-00 00:00:00', 'x952ef7b81d11232f4d65ab4e0a761oe1cz'),
('de8b17edd85d825bb2b8c9f93673b1413ug', 29, '000070273301047373', 1, 0, '2021-04-01 13:15:08', '2021-05-18 12:17:51', 'x952ef7b81d11232f4d65ab4e0a761oe1cz'),
('dff75cd1a03835ef8dfaed5e8e0111td01u', 276, '000221878603356098', 1, 0, '2021-04-01 17:47:43', '0000-00-00 00:00:00', 'x952ef7b81d11232f4d65ab4e0a761oe1cz'),
('e394jf1f730410f6b66754cd7506e09661f', 233, '000070806001052700', 1, 0, '2021-04-01 17:37:43', '0000-00-00 00:00:00', 'x952ef7b81d11232f4d65ab4e0a761oe1cz'),
('e42ab6211e49e29eef4570387f2545d90am', 209, '000130975101964567', 1, 0, '2021-04-01 17:31:15', '0000-00-00 00:00:00', 'x952ef7b81d11232f4d65ab4e0a761oe1cz'),
('e9f375c36fe0855f12b4ax97bc133fd20bj', 6, '000209038303158767', 1, 0, '2021-04-01 13:04:53', '2021-05-18 13:50:44', 'x952ef7b81d11232f4d65ab4e0a761oe1cz'),
('ea3fe6b1d40d6ac04g061e0a757490035eq', 191, '000134385802033138', 1, 0, '2021-04-01 17:21:42', '0000-00-00 00:00:00', 'x952ef7b81d11232f4d65ab4e0a761oe1cz'),
('ee0c6f0aa1456e9c4f7fd6b4c5a65a0c96m', 196, '000214543203248280', 1, 0, '2021-04-01 17:23:50', '0000-00-00 00:00:00', 'x952ef7b81d11232f4d65ab4e0a761oe1cz'),
('ee6c7caa1a57d08b75493196f45049f4t5r', 35, '000198095503014875', 1, 0, '2021-04-01 13:20:40', '2021-05-18 14:01:51', 'x952ef7b81d11232f4d65ab4e0a761oe1cz'),
('eefc42ee04a46ef6e24bd05e74a238f969k', 74, '000208149203149876', 1, 0, '2021-04-01 16:52:09', '0000-00-00 00:00:00', 'x952ef7b81d11232f4d65ab4e0a761oe1cz'),
('eg6d913cf8d688729a72f89ec60669029dr', 222, '000221543003352742', 1, 0, '2021-04-01 17:33:52', '0000-00-00 00:00:00', 'x952ef7b81d11232f4d65ab4e0a761oe1cz'),
('f0bc74a0eeb507a343317908c8d6fe209dl', 188, '000215408603256934', 1, 0, '2021-04-01 17:21:12', '0000-00-00 00:00:00', 'x952ef7b81d11232f4d65ab4e0a761oe1cz'),
('f1c960cw8c50ccf5773ce4c797bc0bb0cas', 34, '000208914803157532', 1, 0, '2021-04-01 13:18:07', '2021-05-18 12:52:27', 'x952ef7b81d11232f4d65ab4e0a761oe1cz'),
('f2dee5cdd9d5402f6f17anb8fcddbebe20g', 23, '000210262903205477', 1, 0, '2021-04-01 13:13:30', '0000-00-00 00:00:00', 'x952ef7b81d11232f4d65ab4e0a761oe1cz'),
('f428abb28925612axac256247209f1a783e', 279, '000217884403316156', 1, 0, '2021-04-01 17:48:27', '0000-00-00 00:00:00', 'x952ef7b81d11232f4d65ab4e0a761oe1cz'),
('f6245785c5e54s4c4a445817900cf4d780j', 25, '000195322702952683', 1, 0, '2021-04-01 13:14:20', '0000-00-00 00:00:00', 'x952ef7b81d11232f4d65ab4e0a761oe1cz'),
('f6e30eb13d5a70826e61aefecfe045b2j3f', 247, '000206238303130767', 1, 0, '2021-04-01 17:41:27', '0000-00-00 00:00:00', 'x952ef7b81d11232f4d65ab4e0a761oe1cz'),
('f797acaaab23a4c9bbf64fae06rc83fb32s', 289, '000003334800033348', 1, 0, '2021-04-01 17:50:32', '0000-00-00 00:00:00', 'x952ef7b81d11232f4d65ab4e0a761oe1cz'),
('f7ac7f464f40ia438dc30066a310b22ae3t', 220, '000223924603411022', 1, 0, '2021-04-01 17:33:31', '0000-00-00 00:00:00', 'x952ef7b81d11232f4d65ab4e0a761oe1cz'),
('f7f16c64610cf3577e8743e35265excbf7c', 85, '000245503503730203', 1, 0, '2021-04-01 16:54:29', '0000-00-00 00:00:00', 'x952ef7b81d11232f4d65ab4e0a761oe1cz'),
('f9a1bt70e4f0686afcd7fb84209d34d2e7m', 37, '000196818603002106', 1, 0, '2021-04-01 13:21:11', '2021-05-18 13:11:56', 'x952ef7b81d11232f4d65ab4e0a761oe1cz'),
('fa0idf66c29460af6f2ada20db95dada3es', 36, '000196685203000772', 1, 0, '2021-04-01 13:20:52', '2021-05-18 14:07:25', 'x952ef7b81d11232f4d65ab4e0a761oe1cz'),
('fa65bedkd021ca43e4716640a02e95b81bh', 184, '000000514800005148', 1, 0, '2021-04-01 17:19:57', '0000-00-00 00:00:00', 'x952ef7b81d11232f4d65ab4e0a761oe1cz'),
('fafe5abfae2dd13e6f67c3354w01033646x', 101, '000218691003324222', 1, 0, '2021-04-01 16:59:01', '0000-00-00 00:00:00', 'x952ef7b81d11232f4d65ab4e0a761oe1cz'),
('fd4a0dae4730e4e670e71bbs5d5c99d3cbs', 236, '000219491103332223', 1, 0, '2021-04-01 17:38:41', '0000-00-00 00:00:00', 'x952ef7b81d11232f4d65ab4e0a761oe1cz'),
('fd8b526b90a99d54e3f5f163q2754e90bch', 229, '000070755201052192', 1, 0, '2021-04-01 17:36:39', '0000-00-00 00:00:00', 'x952ef7b81d11232f4d65ab4e0a761oe1cz'),
('fda8cf435479c0ddb89b87ddc08c4cbd71v', 290, '000134265002031930', 1, 0, '2021-04-01 17:50:44', '0000-00-00 00:00:00', 'x952ef7b81d11232f4d65ab4e0a761oe1cz'),
('g3e15b832q68774048d5bdf2a57a812280w', 12, '000207073603139120', 1, 0, '2021-04-01 13:09:50', '0000-00-00 00:00:00', 'x952ef7b81d11232f4d65ab4e0a761oe1cz'),
('g47ab78a16f5ba61f31fd132c8er493de7h', 65, '000077465101153755', 1, 0, '2021-04-01 16:50:11', '0000-00-00 00:00:00', 'x952ef7b81d11232f4d65ab4e0a761oe1cz'),
('g4b89f5a2a25fa1debbe718e5270e8qb36a', 273, '000078712201200690', 1, 0, '2021-04-01 17:46:30', '0000-00-00 00:00:00', 'x952ef7b81d11232f4d65ab4e0a761oe1cz'),
('g4d5e594da44751df2441caf8e37a6495vv', 109, '000205462903123013', 1, 0, '2021-04-01 17:00:42', '0000-00-00 00:00:00', 'x952ef7b81d11232f4d65ab4e0a761oe1cz'),
('g6a6affe117304feb032ae413832e07af5x', 114, '000068498201029622', 1, 0, '2021-04-01 17:02:04', '0000-00-00 00:00:00', 'x952ef7b81d11232f4d65ab4e0a761oe1cz'),
('g83eca2491f85960ad58d741104df9a58cx', 117, '000220021903337531', 1, 89, '2021-04-01 17:02:46', '2021-05-18 14:07:16', 'x952ef7b81d11232f4d65ab4e0a761oe1cz'),
('g87ef4d5b5cc6263367df67p3a5bdf03d4y', 124, '000198113403015054', 1, 25, '2021-04-01 17:04:16', '2021-05-18 13:41:08', 'x952ef7b81d11232f4d65ab4e0a761oe1cz'),
('g924e1abb27063ad68c5a32779t09b4c38h', 282, '000137284102062121', 1, 0, '2021-04-01 17:48:59', '0000-00-00 00:00:00', 'x952ef7b81d11232f4d65ab4e0a761oe1cz'),
('g9de72962af8e51b6e48ab5f56m8978645v', 17, '000208895603157340', 1, 0, '2021-04-01 13:11:01', '0000-00-00 00:00:00', 'x952ef7b81d11232f4d65ab4e0a761oe1cz'),
('g9o970e4cbc61b43716318be81362108d2c', 22, '000200977803043698', 1, 0, '2021-04-01 13:13:17', '2021-05-18 12:31:23', 'x952ef7b81d11232f4d65ab4e0a761oe1cz'),
('ga1e7d63ca226ede8cb518fdf42800a380b', 90, '000003877800038778', 1, 0, '2021-04-01 16:55:42', '0000-00-00 00:00:00', 'x952ef7b81d11232f4d65ab4e0a761oe1cz'),
('ga37ece8bbb67bb9c20b47e9d0f461x444x', 294, '000068255701027197', 1, 0, '2021-04-01 17:51:27', '0000-00-00 00:00:00', 'x952ef7b81d11232f4d65ab4e0a761oe1cz'),
('gb18ad477b4ce3f714301amfce9223294dm', 70, '000198264703016567', 1, 0, '2021-04-01 16:51:24', '0000-00-00 00:00:00', 'x952ef7b81d11232f4d65ab4e0a761oe1cz'),
('gb841e1f5eh8a2f6ed9a32ad8687b88c29w', 224, '000067907901023719', 1, 0, '2021-04-01 17:35:11', '0000-00-00 00:00:00', 'x952ef7b81d11232f4d65ab4e0a761oe1cz'),
('gbe457c130d6fbcf2f3032e6d824d0db77o', 190, '000200335103037271', 1, 0, '2021-04-01 17:21:30', '0000-00-00 00:00:00', 'x952ef7b81d11232f4d65ab4e0a761oe1cz'),
('gc7983c00bb298010e4abea98509hfd4d5s', 39, '000002864200028642', 1, 0, '2021-04-01 13:21:41', '2021-05-18 12:31:07', 'x952ef7b81d11232f4d65ab4e0a761oe1cz'),
('h08881dae819aa5bkb9b8aa494dc591613v', 49, '000138075102104495', 1, 0, '2021-04-01 16:46:20', '0000-00-00 00:00:00', 'x952ef7b81d11232f4d65ab4e0a761oe1cz'),
('h0dg1ac670f02d0fbbefae7d7ec53ad195t', 21, '000205190603120290', 1, 0, '2021-04-01 13:12:38', '0000-00-00 00:00:00', 'x952ef7b81d11232f4d65ab4e0a761oe1cz'),
('h1y4c8de66bc2c88eb785e0fc6d9d583c1p', 271, '000008287900117343', 1, 0, '2021-04-01 17:46:07', '0000-00-00 00:00:00', 'x952ef7b81d11232f4d65ab4e0a761oe1cz'),
('h273e5948115cd50ae8be70e496b4en008q', 91, '000208322803151612', 1, 0, '2021-04-01 16:55:54', '0000-00-00 00:00:00', 'x952ef7b81d11232f4d65ab4e0a761oe1cz'),
('h2b654f4aqc3a4f0bac2a791e800454022r', 264, '000068015301024793', 1, 0, '2021-04-01 17:44:43', '0000-00-00 00:00:00', 'x952ef7b81d11232f4d65ab4e0a761oe1cz'),
('h2bfd7b0a4aaf3be6241ec31df0z67e1bfo', 3, '000087159601319628', 1, 30, '2021-04-01 13:04:25', '2021-05-18 09:45:06', 'x952ef7b81d11232f4d65ab4e0a761oe1cz'),
('h375167fa908d2cfc134dbiab6db639a10m', 185, '000208616003154544', 1, 0, '2021-04-01 17:20:05', '0000-00-00 00:00:00', 'x952ef7b81d11232f4d65ab4e0a761oe1cz'),
('h4c1ccce594d70fa42c0b1e1de1eb9cc72c', 126, '000201690903050829', 1, 0, '2021-04-01 17:04:51', '2021-05-18 12:45:09', 'x952ef7b81d11232f4d65ab4e0a761oe1cz'),
('h67ca165aa1d9355a29684f88e9n9711c4w', 97, '000199058103024501', 1, 0, '2021-04-01 16:58:03', '0000-00-00 00:00:00', 'x952ef7b81d11232f4d65ab4e0a761oe1cz'),
('h6959ebfa5c44810f1fd456e641b5aec54y', 255, '000242402303664727', 1, 0, '2021-04-01 17:42:46', '0000-00-00 00:00:00', 'x952ef7b81d11232f4d65ab4e0a761oe1cz'),
('h69870350c2f7283047d43b2f79d8708l3d', 2, '000068158201026222', 1, 40, '2021-04-01 13:03:00', '2021-05-18 11:08:24', 'x952ef7b81d11232f4d65ab4e0a761oe1cz'),
('h79d300130f7645ieea220816d5032a189e', 212, '000208297503151359', 1, 0, '2021-04-01 17:31:51', '0000-00-00 00:00:00', 'x952ef7b81d11232f4d65ab4e0a761oe1cz'),
('h84265e4pc45c5f3a276d46e8b8aa782d5v', 31, '000211578703218635', 1, 0, '2021-04-01 13:17:01', '2021-05-18 15:17:25', 'x952ef7b81d11232f4d65ab4e0a761oe1cz'),
('h9575f3fbe9434b130556addafn68ca02dh', 99, '000203296703101351', 1, 0, '2021-04-01 16:58:34', '0000-00-00 00:00:00', 'x952ef7b81d11232f4d65ab4e0a761oe1cz'),
('haf82f72475f3d48c26da38b2rd5ff02abp', 40, '000091347401361506', 1, 0, '2021-04-01 16:43:15', '0000-00-00 00:00:00', 'x952ef7b81d11232f4d65ab4e0a761oe1cz'),
('hdap752190a1b00b93a337c1f79038d75fn', 189, '000195776202957218', 1, 0, '2021-04-01 17:21:21', '0000-00-00 00:00:00', 'x952ef7b81d11232f4d65ab4e0a761oe1cz'),
('he014018lcfcaab67fc2454a7cb9eeee7ff', 81, '000007230700106771', 1, 0, '2021-04-01 16:53:40', '0000-00-00 00:00:00', 'x952ef7b81d11232f4d65ab4e0a761oe1cz'),
('hf4d572f723822d0c6f84a6a4a23ca2e4fx', 88, '000216191803264766', 1, 0, '2021-04-01 16:55:20', '0000-00-00 00:00:00', 'x952ef7b81d11232f4d65ab4e0a761oe1cz'),
('i14952a3e0370566520n4a8bc5d7114d16f', 171, '000225243503424211', 1, 0, '2021-04-01 17:17:19', '0000-00-00 00:00:00', 'x952ef7b81d11232f4d65ab4e0a761oe1cz'),
('i1cf002922fb13ib2053db243a3ff47999q', 207, '000207608503144469', 1, 0, '2021-04-01 17:30:42', '0000-00-00 00:00:00', 'x952ef7b81d11232f4d65ab4e0a761oe1cz'),
('i201537caef5eb53e94faeied7725a81a8k', 133, '000138235502106099', 1, 61, '2021-04-01 17:06:14', '2021-05-18 14:06:45', 'x952ef7b81d11232f4d65ab4e0a761oe1cz'),
('i3079869c4e54e39ba02267fa54e3r75a1r', 100, '000208678603155170', 1, 0, '2021-04-01 16:58:46', '0000-00-00 00:00:00', 'x952ef7b81d11232f4d65ab4e0a761oe1cz'),
('i354bdc8cf878b4f285ca23b98fbc02c98n', 69, '000206511503133499', 1, 0, '2021-04-01 16:51:10', '0000-00-00 00:00:00', 'x952ef7b81d11232f4d65ab4e0a761oe1cz'),
('i39c5de56993c75ob220dd18a1d368b0c3a', 293, '000081980101233369', 1, 0, '2021-04-01 17:51:18', '0000-00-00 00:00:00', 'x952ef7b81d11232f4d65ab4e0a761oe1cz'),
('i44dd027a9b3744c93927380b5a0e41a60e', 168, '000133102702020307', 1, 0, '2021-04-01 17:16:50', '0000-00-00 00:00:00', 'x952ef7b81d11232f4d65ab4e0a761oe1cz'),
('idcc4d40b4ffef47f678da9090fcddc06eb', 256, '000195391202953368', 1, 0, '2021-04-01 17:43:11', '0000-00-00 00:00:00', 'x952ef7b81d11232f4d65ab4e0a761oe1cz'),
('if4ddfd8cc86a2b402f59by4b7b9ae3dday', 197, '000201445503048375', 1, 0, '2021-04-01 17:24:07', '0000-00-00 00:00:00', 'x952ef7b81d11232f4d65ab4e0a761oe1cz'),
('if5229d23d5045cde7cacjc56dc4c006c0c', 122, '000130918401964000', 1, 0, '2021-04-01 17:03:50', '2021-05-18 08:02:03', 'x952ef7b81d11232f4d65ab4e0a761oe1cz'),
('j2decd3faf4211554945ehfd889a497519y', 284, '000134542702034707', 1, 0, '2021-04-01 17:49:20', '0000-00-00 00:00:00', 'x952ef7b81d11232f4d65ab4e0a761oe1cz'),
('j37641ef1ce6e376806e0da69f4468ef5ep', 195, '000221622003353532', 1, 0, '2021-04-01 17:22:23', '0000-00-00 00:00:00', 'x952ef7b81d11232f4d65ab4e0a761oe1cz'),
('j391bc542fd22424d8f764cf2yfb2a66fdt', 266, '000208178003150164', 1, 0, '2021-04-01 17:45:15', '0000-00-00 00:00:00', 'x952ef7b81d11232f4d65ab4e0a761oe1cz'),
('j6924a597x3d9720b3ae24c370ada89ba3v', 13, '000207548403143868', 1, 0, '2021-04-01 13:10:04', '0000-00-00 00:00:00', 'x952ef7b81d11232f4d65ab4e0a761oe1cz'),
('j76a79nf5cf0806dc93d3506db118914a3k', 105, '000195797602957432', 1, 0, '2021-04-01 16:59:47', '0000-00-00 00:00:00', 'x952ef7b81d11232f4d65ab4e0a761oe1cz'),
('j820e12399de8f281d37d64375ca6b471ea', 203, '000205445703122841', 1, 0, '2021-04-01 17:29:20', '0000-00-00 00:00:00', 'x952ef7b81d11232f4d65ab4e0a761oe1cz'),
('j8282103ae9e8f8auf15be1755c6a5788em', 71, '000198437303018293', 1, 0, '2021-04-01 16:51:35', '0000-00-00 00:00:00', 'x952ef7b81d11232f4d65ab4e0a761oe1cz'),
('jc0b5cb037ac964c4372dce93h3bcf3ea6p', 145, '000224834503420121', 1, 20, '2021-04-01 17:11:20', '2021-05-18 09:34:29', 'x952ef7b81d11232f4d65ab4e0a761oe1cz'),
('jca953d5321df6915f7852e6f41q265c82h', 251, '000217549403312806', 1, 0, '2021-04-01 17:42:06', '0000-00-00 00:00:00', 'x952ef7b81d11232f4d65ab4e0a761oe1cz'),
('jf3725nf19ad200b1bcaefacbd3d06c278w', 56, '000131593802005218', 1, 0, '2021-04-01 16:48:23', '0000-00-00 00:00:00', 'x952ef7b81d11232f4d65ab4e0a761oe1cz'),
('jfe108tfdd503840e4f0c2f461df8eb2f3d', 243, '000073446701113571', 1, 0, '2021-04-01 17:40:38', '0000-00-00 00:00:00', 'x952ef7b81d11232f4d65ab4e0a761oe1cz'),
('k08f6bef0d07ef948aeca6af1d8c9dbc02w', 140, '000208540803153792', 1, 0, '2021-04-01 17:09:51', '2021-05-18 14:11:33', 'x952ef7b81d11232f4d65ab4e0a761oe1cz'),
('k0d11pd1b3f44083c8c4c328f2d071d9e0r', 132, '000210126803204116', 1, 10, '2021-04-01 17:06:01', '2021-05-18 10:09:13', 'x952ef7b81d11232f4d65ab4e0a761oe1cz'),
('k4c2703bccc3c213ebd1208b25bbj8fb38o', 299, '000002214000022140', 1, 0, '2021-04-01 17:53:15', '2021-05-17 15:00:15', 'x952ef7b81d11232f4d65ab4e0a761oe1cz'),
('k5e217b1e0cf3f2enb0c3267894af9a663z', 64, '000135470902043989', 1, 0, '2021-04-01 16:50:00', '0000-00-00 00:00:00', 'x952ef7b81d11232f4d65ab4e0a761oe1cz'),
('k63d54a6z4c8627bc9387b628d83575196z', 295, '000203347603101860', 1, 0, '2021-04-01 17:51:38', '0000-00-00 00:00:00', 'x952ef7b81d11232f4d65ab4e0a761oe1cz'),
('k699cf1a3979082d9749fc2d8fe500bb1dj', 32, '000206461103132995', 1, 0, '2021-04-01 13:17:19', '2021-05-18 12:39:04', 'x952ef7b81d11232f4d65ab4e0a761oe1cz'),
('ka31e884502e84a7cb7z013d3529a23f2be', 96, '000134964802038928', 1, 0, '2021-04-01 16:57:53', '2021-05-18 12:11:24', 'x952ef7b81d11232f4d65ab4e0a761oe1cz'),
('kddd5e3b6394a7e568f426b81adecb6860c', 181, '000136831902057599', 1, 0, '2021-04-01 17:19:23', '0000-00-00 00:00:00', 'x952ef7b81d11232f4d65ab4e0a761oe1cz'),
('kecc7b911ff57b8a4ufe0dd2c9094d79a2y', 261, '000205575103124135', 1, 0, '2021-04-01 17:44:11', '0000-00-00 00:00:00', 'x952ef7b81d11232f4d65ab4e0a761oe1cz'),
('kfe0m4e189be8350f1686f2ee7ff377efaj', 300, '000006651900100983', 1, 60, '2021-04-01 17:53:31', '2021-05-17 11:45:58', 'x952ef7b81d11232f4d65ab4e0a761oe1cz'),
('l21053da0281470f5f473m803c80b08627r', 55, '000199317103027091', 1, 0, '2021-04-01 16:47:37', '0000-00-00 00:00:00', 'x952ef7b81d11232f4d65ab4e0a761oe1cz'),
('l21e6632725136986092e2f3306262zacdw', 18, '000209543503163819', 1, 0, '2021-04-01 13:11:21', '2021-05-18 12:20:40', 'x952ef7b81d11232f4d65ab4e0a761oe1cz'),
('l2b75e3c72bfbb52b7e7n1dc8ae89962c5p', 87, '000205285203121236', 1, 0, '2021-04-01 16:55:09', '0000-00-00 00:00:00', 'x952ef7b81d11232f4d65ab4e0a761oe1cz'),
('l5cb5f851ff727e3a64ab8819a1bc905ang', 102, '000220700503344317', 1, 0, '2021-04-01 16:59:11', '0000-00-00 00:00:00', 'x952ef7b81d11232f4d65ab4e0a761oe1cz'),
('l6150bdacd00ec7fa7c773d8ee15324632l', 61, '000205702303125407', 1, 0, '2021-04-01 16:49:26', '0000-00-00 00:00:00', 'x952ef7b81d11232f4d65ab4e0a761oe1cz'),
('l6a1fah6b761d388ae86ebba0118dfa1c6s', 112, '000206188103130265', 1, 0, '2021-04-01 17:01:17', '0000-00-00 00:00:00', 'x952ef7b81d11232f4d65ab4e0a761oe1cz'),
('l7318984ea43844f3583rb62a2970a2bb1u', 204, '000196188602961342', 1, 0, '2021-04-01 17:29:33', '0000-00-00 00:00:00', 'x952ef7b81d11232f4d65ab4e0a761oe1cz'),
('l75530b9cd5d54d0105b91f9v0f4a521e0y', 123, '000089199301340025', 1, 90, '2021-04-01 17:04:01', '2021-05-17 11:42:21', 'x952ef7b81d11232f4d65ab4e0a761oe1cz'),
('l93a9304d6bd541f3ce42f5e425a5bac9ae', 216, '000134694802036228', 1, 0, '2021-04-01 17:32:46', '0000-00-00 00:00:00', 'x952ef7b81d11232f4d65ab4e0a761oe1cz'),
('lb3f0a855fff79318532068be1167bh640c', 150, '000203785003106234', 1, 0, '2021-04-01 17:12:27', '0000-00-00 00:00:00', 'x952ef7b81d11232f4d65ab4e0a761oe1cz'),
('lbabe0f5dfe9aa9fd3h5ab3f33a6c768efh', 263, '000002913900029139', 1, 0, '2021-04-01 17:44:34', '0000-00-00 00:00:00', 'x952ef7b81d11232f4d65ab4e0a761oe1cz'),
('ld3fddd7000e8b5fc29d59234bfd7409eeu', 227, '000065765101002291', 1, 0, '2021-04-01 17:36:01', '0000-00-00 00:00:00', 'x952ef7b81d11232f4d65ab4e0a761oe1cz'),
('lf268cndb143e8f5f56093e28f773d2b8dx', 149, '000195565402955110', 1, 0, '2021-04-01 17:12:15', '0000-00-00 00:00:00', 'x952ef7b81d11232f4d65ab4e0a761oe1cz'),
('lf42281d45c0fa4b12b2f52q466fdd4e13a', 50, '000204648703114871', 1, 0, '2021-04-01 16:46:30', '0000-00-00 00:00:00', 'x952ef7b81d11232f4d65ab4e0a761oe1cz'),
('lm4a348135f76aa3e165599d48e655d07bf', 275, '000205678003125164', 1, 0, '2021-04-01 17:47:25', '0000-00-00 00:00:00', 'x952ef7b81d11232f4d65ab4e0a761oe1cz'),
('m0a296bccdd4bd34552220284eee6d6ea2i', 277, '000070534401049984', 1, 0, '2021-04-01 17:48:07', '0000-00-00 00:00:00', 'x952ef7b81d11232f4d65ab4e0a761oe1cz'),
('m27b347c448c64e68c52869232e2d86066y', 176, '000203236903100753', 1, 0, '2021-04-01 17:18:34', '0000-00-00 00:00:00', 'x952ef7b81d11232f4d65ab4e0a761oe1cz'),
('m69f0f28cbd5fd24aefa9faf00688a68a4j', 226, '000208434003152724', 1, 0, '2021-04-01 17:35:52', '0000-00-00 00:00:00', 'x952ef7b81d11232f4d65ab4e0a761oe1cz'),
('m6b7f73645d2e969ffb15q448202cbbf7bi', 4, '000081103901224607', 1, 13, '2021-04-01 13:04:35', '2021-05-17 08:58:57', 'x952ef7b81d11232f4d65ab4e0a761oe1cz'),
('m750804176c6xbd81b62b7626781bbfb62q', 287, '000060931300919489', 1, 0, '2021-04-01 17:50:05', '0000-00-00 00:00:00', 'x952ef7b81d11232f4d65ab4e0a761oe1cz'),
('mfd95961d6e89e94cbd5cd3273y4d40391m', 161, '000210588803208736', 1, 0, '2021-04-01 17:15:24', '0000-00-00 00:00:00', 'x952ef7b81d11232f4d65ab4e0a761oe1cz'),
('n02228e89a31af72ld8d76b4c2ff71e516g', 269, '000082115001234718', 1, 0, '2021-04-01 17:45:47', '0000-00-00 00:00:00', 'x952ef7b81d11232f4d65ab4e0a761oe1cz'),
('n0e924bed9c0p45280c2c9d5ec7b0937a7w', 257, '000073885301117957', 1, 0, '2021-04-01 17:43:26', '0000-00-00 00:00:00', 'x952ef7b81d11232f4d65ab4e0a761oe1cz'),
('n1vfcfb73e45a813450529e8fcb05ad086d', 182, '000085858601306618', 1, 0, '2021-04-01 17:19:39', '0000-00-00 00:00:00', 'x952ef7b81d11232f4d65ab4e0a761oe1cz'),
('n2d78ddc2f5fc6376a6161bd4123de0a67v', 238, '000199708203031002', 1, 0, '2021-04-01 17:39:00', '0000-00-00 00:00:00', 'x952ef7b81d11232f4d65ab4e0a761oe1cz'),
('n52ba49ea8763c0ef577be7bc0cfa74b54k', 46, '000206858403136968', 1, 0, '2021-04-01 16:45:37', '0000-00-00 00:00:00', 'x952ef7b81d11232f4d65ab4e0a761oe1cz'),
('n61bec98918c67a6ff3ab45bf3a40fd337r', 240, '000004777300047773', 1, 0, '2021-04-01 17:39:22', '0000-00-00 00:00:00', 'x952ef7b81d11232f4d65ab4e0a761oe1cz'),
('na6deabc52c1344c45fef6761b108zf53di', 27, '000218687103324183', 1, 0, '2021-04-01 13:14:46', '0000-00-00 00:00:00', 'x952ef7b81d11232f4d65ab4e0a761oe1cz'),
('nc8c6f1c6c855884b38df338a5kcbb1153w', 272, '000199432703028247', 1, 0, '2021-04-01 17:46:18', '0000-00-00 00:00:00', 'x952ef7b81d11232f4d65ab4e0a761oe1cz'),
('ndda7aca5fkd86983a63c3cdaf9d8d8351t', 80, '000044300700649791', 1, 0, '2021-04-01 16:53:29', '0000-00-00 00:00:00', 'x952ef7b81d11232f4d65ab4e0a761oe1cz'),
('ne296677b8872cpee39adb2407eef8705eo', 285, '000137006202059342', 1, 0, '2021-04-01 17:49:30', '0000-00-00 00:00:00', 'x952ef7b81d11232f4d65ab4e0a761oe1cz'),
('o0d3b4w2ed70260cef078578730e10eecdd', 164, '000206737903135763', 1, 0, '2021-04-01 17:16:04', '0000-00-00 00:00:00', 'x952ef7b81d11232f4d65ab4e0a761oe1cz'),
('o0wce972d83f886ac0d972854c79f41977x', 162, '000242136803662072', 1, 0, '2021-04-01 17:15:36', '0000-00-00 00:00:00', 'x952ef7b81d11232f4d65ab4e0a761oe1cz'),
('o1a638aa0a907d7138521f6c2dd3e80ea7i', 89, '000064182700952003', 1, 0, '2021-04-01 16:55:29', '0000-00-00 00:00:00', 'x952ef7b81d11232f4d65ab4e0a761oe1cz'),
('o559ab2bcfzd632caecb50f9bb98a9191fq', 14, '000137183002061110', 1, 0, '2021-04-01 13:10:16', '0000-00-00 00:00:00', 'x952ef7b81d11232f4d65ab4e0a761oe1cz'),
('o6b28fa9ab37oc6981a8ca4c412e36dd4de', 79, '000036874800541068', 1, 0, '2021-04-01 16:53:19', '0000-00-00 00:00:00', 'x952ef7b81d11232f4d65ab4e0a761oe1cz'),
('o8938a0a2683a0abc52cha6761aa97bbc0d', 1, '000208122803149612', 1, 0, '2021-04-01 13:02:31', '2021-05-18 10:42:26', 'x952ef7b81d11232f4d65ab4e0a761oe1cz'),
('o9159a34dnacb2e07aeb2dbaf55149ae6af', 44, '000206923103137615', 1, 0, '2021-04-01 16:44:21', '0000-00-00 00:00:00', 'x952ef7b81d11232f4d65ab4e0a761oe1cz'),
('o92d7767fhb8ddd0fa9618a32d8087f58dk', 253, '000198560103019521', 1, 0, '2021-04-01 17:42:27', '0000-00-00 00:00:00', 'x952ef7b81d11232f4d65ab4e0a761oe1cz'),
('oa1b673c2fc42br429891d5d86ba6951f3b', 75, '000195882302958279', 1, 0, '2021-04-01 16:52:22', '0000-00-00 00:00:00', 'x952ef7b81d11232f4d65ab4e0a761oe1cz'),
('obea8d92a7e8a51675dtfa882eef079641u', 92, '000219759103334903', 1, 0, '2021-04-01 16:56:05', '0000-00-00 00:00:00', 'x952ef7b81d11232f4d65ab4e0a761oe1cz'),
('oc4e04ee8dfd4c6dba9ca2ej7b4aad971ey', 120, '000006681700101281', 1, 30, '2021-04-01 17:03:24', '2021-05-18 10:33:47', 'x952ef7b81d11232f4d65ab4e0a761oe1cz'),
('oee6008d94f3f24e0s581c878a22c65aa4q', 119, '000134722402036504', 1, 40, '2021-04-01 17:03:13', '2021-05-18 11:06:54', 'x952ef7b81d11232f4d65ab4e0a761oe1cz'),
('p0c7bf9aaa0c4af33413ed3702999ebab3e', 116, '000212738603230234', 1, 129, '2021-04-01 17:02:34', '2021-05-18 10:35:52', 'x952ef7b81d11232f4d65ab4e0a761oe1cz'),
('p22c03ffec1cd8c3ad7a7k4ea4530d0d9bm', 278, '000060449100914667', 1, 0, '2021-04-01 17:48:17', '0000-00-00 00:00:00', 'x952ef7b81d11232f4d65ab4e0a761oe1cz'),
('p25fd53494c0494063cefebbbei53f2f94m', 225, '000216548403302796', 1, 0, '2021-04-01 17:35:19', '0000-00-00 00:00:00', 'x952ef7b81d11232f4d65ab4e0a761oe1cz'),
('p5cf93829d60ff0440c58d063767cera61b', 267, '000062559300935769', 1, 0, '2021-04-01 17:45:24', '0000-00-00 00:00:00', 'x952ef7b81d11232f4d65ab4e0a761oe1cz'),
('p62e36b7d9ad14se20f4efdc5cd7490485w', 152, '000201694403050864', 1, 0, '2021-04-01 17:13:00', '0000-00-00 00:00:00', 'x952ef7b81d11232f4d65ab4e0a761oe1cz'),
('p9822e84d7882za2721d7de71e2c2eae1er', 103, '000069054301035183', 1, 0, '2021-04-01 16:59:25', '0000-00-00 00:00:00', 'x952ef7b81d11232f4d65ab4e0a761oe1cz'),
('p9d5b0c88dqe384e5d476a7b1ea247adcds', 62, '000005144100051441', 1, 0, '2021-04-01 16:49:36', '0000-00-00 00:00:00', 'x952ef7b81d11232f4d65ab4e0a761oe1cz'),
('pb9fcdc4e47cdfe63f5cf520u745d7432du', 52, '000219123803328550', 1, 0, '2021-04-01 16:46:59', '0000-00-00 00:00:00', 'x952ef7b81d11232f4d65ab4e0a761oe1cz'),
('pbe1a9fede4d55678daac58890i3c4d49fw', 192, '000003156600031566', 1, 0, '2021-04-01 17:21:53', '0000-00-00 00:00:00', 'x952ef7b81d11232f4d65ab4e0a761oe1cz'),
('pd5232619dffb4d219744087ff57b85q71d', 28, '000219999403337306', 1, 0, '2021-04-01 13:14:56', '0000-00-00 00:00:00', 'x952ef7b81d11232f4d65ab4e0a761oe1cz'),
('pe49ae2bca8fbc1931d15d62383dp72d12v', 244, '000080742901220997', 1, 0, '2021-04-01 17:40:48', '0000-00-00 00:00:00', 'x952ef7b81d11232f4d65ab4e0a761oe1cz'),
('pedf35apfcb158f87e430e53d9e6ac3ab0j', 156, '000081025801223826', 1, 0, '2021-04-01 17:14:19', '0000-00-00 00:00:00', 'x952ef7b81d11232f4d65ab4e0a761oe1cz'),
('pedfa4a4a4575688a8f9281scc91f64352l', 94, '000201934103053261', 1, 0, '2021-04-01 16:56:29', '0000-00-00 00:00:00', 'x952ef7b81d11232f4d65ab4e0a761oe1cz'),
('pee1ea5a67d403f9f869706bba6ff37320q', 199, '000208603503154419', 1, 0, '2021-04-01 17:28:31', '0000-00-00 00:00:00', 'x952ef7b81d11232f4d65ab4e0a761oe1cz'),
('q02aef4318ead747ca49b965e3daf60dewh', 125, '000005393000053930', 1, 45, '2021-04-01 17:04:32', '2021-05-18 10:13:06', 'x952ef7b81d11232f4d65ab4e0a761oe1cz'),
('q5f9ee76284da382b22d787466t0e8371fy', 144, '000223093203402708', 1, 20, '2021-04-01 17:11:11', '2021-05-18 09:02:07', 'x952ef7b81d11232f4d65ab4e0a761oe1cz'),
('q7925b272m17e4733be325f24efebd0943r', 131, '000067514301019783', 1, 60, '2021-04-01 17:05:48', '2021-05-17 11:03:10', 'x952ef7b81d11232f4d65ab4e0a761oe1cz'),
('q7c8c3d8b9ae811af59fde839b723l90cam', 202, '000133917102028451', 1, 0, '2021-04-01 17:29:08', '0000-00-00 00:00:00', 'x952ef7b81d11232f4d65ab4e0a761oe1cz'),
('q855b7a587c0aza435a4b024f318f97325j', 134, '000135801202047292', 1, 85, '2021-04-01 17:06:29', '2021-05-18 09:32:59', 'x952ef7b81d11232f4d65ab4e0a761oe1cz'),
('q9ee64b842372a59c4f9edd985cb80k164r', 198, '000069735001041990', 1, 0, '2021-04-01 17:28:15', '0000-00-00 00:00:00', 'x952ef7b81d11232f4d65ab4e0a761oe1cz'),
('qc135b8as2fbb64d68bd70a3f471ce485bq', 193, '000221244903349761', 1, 0, '2021-04-01 17:22:03', '0000-00-00 00:00:00', 'x952ef7b81d11232f4d65ab4e0a761oe1cz'),
('qc4367035427d1e5be2c72658d5e44fbe9k', 148, '000207519603143580', 1, 0, '2021-04-01 17:12:05', '0000-00-00 00:00:00', 'x952ef7b81d11232f4d65ab4e0a761oe1cz'),
('qcd7ebce10d393ec581111fba3l202a92co', 296, '000207747103145855', 1, 0, '2021-04-01 17:52:04', '2021-05-18 12:43:35', 'x952ef7b81d11232f4d65ab4e0a761oe1cz'),
('qf36fc1f9e3afe48a234ybdf852b2c8ab0k', 59, '000200711903041039', 1, 0, '2021-04-01 16:49:03', '0000-00-00 00:00:00', 'x952ef7b81d11232f4d65ab4e0a761oe1cz'),
('r0e64e044ae540h237b80b6aa5b4f7170bz', 107, '000206515203133536', 1, 0, '2021-04-01 17:00:24', '0000-00-00 00:00:00', 'x952ef7b81d11232f4d65ab4e0a761oe1cz'),
('r212192315e43794fa73f507eb855ae3eat', 249, '000208336103151745', 1, 0, '2021-04-01 17:41:47', '0000-00-00 00:00:00', 'x952ef7b81d11232f4d65ab4e0a761oe1cz'),
('r2683b7afc167829f91f666b8b004229e9n', 213, '000220515803342470', 1, 0, '2021-04-01 17:32:01', '0000-00-00 00:00:00', 'x952ef7b81d11232f4d65ab4e0a761oe1cz'),
('r2d8bc6zfb10ceb65f4463a0adf11e3eb9u', 76, '000196777903001699', 1, 0, '2021-04-01 16:52:48', '0000-00-00 00:00:00', 'x952ef7b81d11232f4d65ab4e0a761oe1cz'),
('r3698246c3eda42a693e8c4a25c59339b9t', 221, '000212053003223378', 1, 0, '2021-04-01 17:33:40', '0000-00-00 00:00:00', 'x952ef7b81d11232f4d65ab4e0a761oe1cz'),
('r42afb6e39cc11g4a90a068006257b6ff0k', 113, '000218435403321666', 1, 0, '2021-04-01 17:01:37', '0000-00-00 00:00:00', 'x952ef7b81d11232f4d65ab4e0a761oe1cz'),
('r5ef21d959114ebb07fe2c92ea20e09ee7a', 292, '000074073201119836', 1, 0, '2021-04-01 17:51:06', '0000-00-00 00:00:00', 'x952ef7b81d11232f4d65ab4e0a761oe1cz'),
('r689995265bfdd80d16d4u321ff0fbf04fx', 262, '000083346901247037', 1, 0, '2021-04-01 17:44:23', '0000-00-00 00:00:00', 'x952ef7b81d11232f4d65ab4e0a761oe1cz'),
('r69383453r8bee54cd761855d768d5cdbdt', 77, '000218260403319916', 1, 0, '2021-04-01 16:52:58', '0000-00-00 00:00:00', 'x952ef7b81d11232f4d65ab4e0a761oe1cz'),
('r875fod22bc31e1c8df431e15c25318584h', 93, '000216732603304638', 1, 0, '2021-04-01 16:56:16', '0000-00-00 00:00:00', 'x952ef7b81d11232f4d65ab4e0a761oe1cz'),
('r8973f28f8se2b71d163b251efa99e0055g', 288, '000061303400923210', 1, 0, '2021-04-01 17:50:18', '0000-00-00 00:00:00', 'x952ef7b81d11232f4d65ab4e0a761oe1cz'),
('r8e8e0cw3365071e9417a54c5ae6b8d685w', 175, '000199236303026283', 1, 0, '2021-04-01 17:18:10', '0000-00-00 00:00:00', 'x952ef7b81d11232f4d65ab4e0a761oe1cz'),
('ra26a14477fc1dc3664cda8wf9eb793c8em', 63, '000242942103704589', 1, 0, '2021-04-01 16:49:49', '0000-00-00 00:00:00', 'x952ef7b81d11232f4d65ab4e0a761oe1cz'),
('rb41fa73f3536b86f034fmbed5373a691ck', 180, '000205173403120118', 1, 0, '2021-04-01 17:19:13', '0000-00-00 00:00:00', 'x952ef7b81d11232f4d65ab4e0a761oe1cz'),
('rc7d85145d96f3b18fb7a3ac6f6dc7861bu', 258, '000065225200962428', 1, 0, '2021-04-01 17:43:36', '0000-00-00 00:00:00', 'x952ef7b81d11232f4d65ab4e0a761oe1cz'),
('re45de37072d23b1ca4db84h2a3a904343q', 215, '000200529903039219', 1, 0, '2021-04-01 17:32:25', '0000-00-00 00:00:00', 'x952ef7b81d11232f4d65ab4e0a761oe1cz'),
('rz1e6cc3c13bb9fca63be977ddf86b5883f', 153, '000207876903147153', 1, 0, '2021-04-01 17:13:39', '0000-00-00 00:00:00', 'x952ef7b81d11232f4d65ab4e0a761oe1cz'),
('s05619a23r5e4dc3561a44ff187218091bz', 218, '000222696003364272', 1, 0, '2021-04-01 17:33:11', '0000-00-00 00:00:00', 'x952ef7b81d11232f4d65ab4e0a761oe1cz'),
('s729e5488da9g76ebd97fdc9f4f3f2ea88e', 24, '000210057103203419', 1, 0, '2021-04-01 13:13:59', '0000-00-00 00:00:00', 'x952ef7b81d11232f4d65ab4e0a761oe1cz'),
('s87156ebd170777f1fdd7wb9752a10e343j', 20, '000200870303042623', 1, 0, '2021-04-01 13:12:11', '2021-05-18 12:12:00', 'x952ef7b81d11232f4d65ab4e0a761oe1cz'),
('s8c3j56ff9ca8d18786fc08fae6513d353q', 118, '000228812303459899', 1, 0, '2021-04-01 17:03:03', '2021-05-17 16:03:27', 'x952ef7b81d11232f4d65ab4e0a761oe1cz'),
('s92ff377bdfe35007438ce16d6cd432b18v', 147, '000198644903020369', 1, 0, '2021-04-01 17:11:54', '0000-00-00 00:00:00', 'x952ef7b81d11232f4d65ab4e0a761oe1cz'),
('sa675b0399721z617c635452f6dafa1175y', 142, '000002562700025627', 1, 0, '2021-04-01 17:10:40', '2021-05-18 12:36:54', 'x952ef7b81d11232f4d65ab4e0a761oe1cz'),
('sbg1c8c23f9b982a6033edf9993efad369m', 268, '000067747401022114', 1, 0, '2021-04-01 17:45:37', '0000-00-00 00:00:00', 'x952ef7b81d11232f4d65ab4e0a761oe1cz'),
('sc34dneea00d3906bd8992f69688b7f405z', 139, '000199600403029924', 1, 40, '2021-04-01 17:09:33', '2021-05-18 09:31:49', 'x952ef7b81d11232f4d65ab4e0a761oe1cz'),
('scf9b97ba4c8c8e355391fbd71acc73ed9x', 104, '000061786600928042', 1, 0, '2021-04-01 16:59:36', '0000-00-00 00:00:00', 'x952ef7b81d11232f4d65ab4e0a761oe1cz'),
('se08acac1538c638af43a72d84pf92aeedp', 53, '000244351503718683', 1, 0, '2021-04-01 16:47:11', '0000-00-00 00:00:00', 'x952ef7b81d11232f4d65ab4e0a761oe1cz'),
('sp368095b04a29f3a326718163ae615f4cn', 231, '000065752701002167', 1, 0, '2021-04-01 17:36:58', '0000-00-00 00:00:00', 'x952ef7b81d11232f4d65ab4e0a761oe1cz'),
('t02fb80dd3ce7e8753738101f2462a4065j', 239, '000006356400063564', 1, 0, '2021-04-01 17:39:12', '0000-00-00 00:00:00', 'x952ef7b81d11232f4d65ab4e0a761oe1cz'),
('t0atba98560c6b433c9d847d9cfff1c7f3a', 219, '000224459703416373', 1, 0, '2021-04-01 17:33:20', '0000-00-00 00:00:00', 'x952ef7b81d11232f4d65ab4e0a761oe1cz'),
('t11ab12cad935ak6ed30a20f4a62853044i', 163, '000201184803045768', 1, 0, '2021-04-01 17:15:50', '0000-00-00 00:00:00', 'x952ef7b81d11232f4d65ab4e0a761oe1cz'),
('t1d94db87d2764fd8f5n6acda6db77621ew', 47, '000209348503161869', 1, 0, '2021-04-01 16:45:48', '0000-00-00 00:00:00', 'x952ef7b81d11232f4d65ab4e0a761oe1cz'),
('t1ffd8d48097517c204acb42a9vdc3bb11f', 26, '000216818903305501', 1, 0, '2021-04-01 13:14:36', '0000-00-00 00:00:00', 'x952ef7b81d11232f4d65ab4e0a761oe1cz'),
('t233cc5c1ad66ece06db196fav5d0aaa18m', 106, '000006622100100685', 1, 0, '2021-04-01 17:00:14', '0000-00-00 00:00:00', 'x952ef7b81d11232f4d65ab4e0a761oe1cz'),
('t268c6a28dfb0aae625kedfab3754282d0h', 234, '000209162803160012', 1, 0, '2021-04-01 17:37:54', '0000-00-00 00:00:00', 'x952ef7b81d11232f4d65ab4e0a761oe1cz'),
('t2bd92a7436235993m6e064ea27cf7506fr', 187, '000209958803202436', 1, 0, '2021-04-01 17:21:01', '0000-00-00 00:00:00', 'x952ef7b81d11232f4d65ab4e0a761oe1cz'),
('t4227a843f2bc4f67e028b3c3722403dady', 298, '000207867503147059', 1, 10, '2021-04-01 17:53:03', '2021-05-18 08:23:27', 'x952ef7b81d11232f4d65ab4e0a761oe1cz'),
('t75d558e632ae4d2482f9pbd40940ee8a0v', 230, '000216973303307045', 1, 0, '2021-04-01 17:36:49', '0000-00-00 00:00:00', 'x952ef7b81d11232f4d65ab4e0a761oe1cz'),
('t8dc93a54284f2a647afbe25f9315535b0y', 170, '000224992403421700', 1, 0, '2021-04-01 17:17:09', '0000-00-00 00:00:00', 'x952ef7b81d11232f4d65ab4e0a761oe1cz'),
('t97c9aa8e27912efb90e472k444de48036k', 177, '000200042003034340', 1, 0, '2021-04-01 17:18:45', '0000-00-00 00:00:00', 'x952ef7b81d11232f4d65ab4e0a761oe1cz'),
('ta9b04091d721p95aef31eb2ffcd417508g', 143, '000199085903024779', 1, 60, '2021-04-01 17:10:52', '2021-05-18 09:44:58', 'x952ef7b81d11232f4d65ab4e0a761oe1cz'),
('td9ad00c23e08v72ae29e30687536e67dcd', 68, '000216105603263904', 1, 0, '2021-04-01 16:50:58', '0000-00-00 00:00:00', 'x952ef7b81d11232f4d65ab4e0a761oe1cz'),
('tkdf8266f17907366b20d26e1e4ca6c661n', 232, '000217857403315886', 1, 0, '2021-04-01 17:37:27', '0000-00-00 00:00:00', 'x952ef7b81d11232f4d65ab4e0a761oe1cz'),
('u65e493c1d0f5860d9d663880i169780f2g', 158, '000005121000051210', 1, 0, '2021-04-01 17:14:37', '0000-00-00 00:00:00', 'x952ef7b81d11232f4d65ab4e0a761oe1cz'),
('u8714b14956420639m0c1784c207ce7637c', 178, '000002529200025292', 1, 0, '2021-04-01 17:18:55', '0000-00-00 00:00:00', 'x952ef7b81d11232f4d65ab4e0a761oe1cz'),
('ucc122360a87e9d30188330g034cb0916en', 174, '000199298103026901', 1, 0, '2021-04-01 17:18:01', '0000-00-00 00:00:00', 'x952ef7b81d11232f4d65ab4e0a761oe1cz'),
('ue25d06885c7b6edd53b5c991bg857009dp', 108, '000208639103154775', 1, 0, '2021-04-01 17:00:33', '0000-00-00 00:00:00', 'x952ef7b81d11232f4d65ab4e0a761oe1cz'),
('ue7506bbc3f3ed44ffkd871bbce246736eo', 235, '000004035900040359', 1, 0, '2021-04-01 17:38:08', '0000-00-00 00:00:00', 'x952ef7b81d11232f4d65ab4e0a761oe1cz'),
('uff5c4c662c20760fec7afcaua46c7b578f', 43, '000216642103303733', 1, 0, '2021-04-01 16:44:10', '0000-00-00 00:00:00', 'x952ef7b81d11232f4d65ab4e0a761oe1cz'),
('v30ac28875ee3010643844bdae67c4934fh', 67, '000202465803058578', 1, 0, '2021-04-01 16:50:46', '0000-00-00 00:00:00', 'x952ef7b81d11232f4d65ab4e0a761oe1cz'),
('v4e01f2a70bdk195054b7e0633f5359221p', 137, '000228838203460158', 1, 0, '2021-04-01 17:09:02', '2021-05-18 12:15:45', 'x952ef7b81d11232f4d65ab4e0a761oe1cz'),
('v540061877d09acfx5231b2fc4caa298d3r', 291, '000069746801042108', 1, 0, '2021-04-01 17:50:55', '0000-00-00 00:00:00', 'x952ef7b81d11232f4d65ab4e0a761oe1cz'),
('v5ec4cd555b7a26fd7f891b748b8fife4ft', 242, '000067511301019753', 1, 0, '2021-04-01 17:40:27', '0000-00-00 00:00:00', 'x952ef7b81d11232f4d65ab4e0a761oe1cz'),
('v6ca8b76c47bb15a8f3d9c1a6a1208chd6b', 159, '000211923203222080', 1, 0, '2021-04-01 17:14:49', '0000-00-00 00:00:00', 'x952ef7b81d11232f4d65ab4e0a761oe1cz'),
('v75874a8d2ff42382dq1f8877be1ca2d67d', 281, '000212598503228833', 1, 0, '2021-04-01 17:48:49', '0000-00-00 00:00:00', 'x952ef7b81d11232f4d65ab4e0a761oe1cz'),
('v81663dd0cc2eb6df990fd9543c3e644a0p', 82, '000206682503135209', 1, 0, '2021-04-01 16:53:52', '0000-00-00 00:00:00', 'x952ef7b81d11232f4d65ab4e0a761oe1cz'),
('v82d9769b78b9aa803bd3gf9735ca2a267s', 146, '000216221303265061', 1, 0, '2021-04-01 17:11:45', '0000-00-00 00:00:00', 'x952ef7b81d11232f4d65ab4e0a761oe1cz'),
('vc254f3a05n1a7cf4376137ad252c56edfn', 129, '000199085403024774', 1, 0, '2021-04-01 17:05:25', '2021-05-18 12:38:10', 'x952ef7b81d11232f4d65ab4e0a761oe1cz'),
('vc8fd81009591be11c92177g32596a61aco', 179, '000211302303215871', 1, 0, '2021-04-01 17:19:03', '0000-00-00 00:00:00', 'x952ef7b81d11232f4d65ab4e0a761oe1cz'),
('vd9f04ecff2afc357b9354df100cabe18ec', 138, '000202517803059098', 1, 192, '2021-04-01 17:09:24', '2021-05-18 14:40:41', 'x952ef7b81d11232f4d65ab4e0a761oe1cz'),
('vf8f3769f6984550f0a3073cco2038a2f9k', 169, '000221862603355938', 1, 0, '2021-04-01 17:17:00', '0000-00-00 00:00:00', 'x952ef7b81d11232f4d65ab4e0a761oe1cz'),
('w27e1c7200563e9b30d9q436dcbe19d5eab', 15, '000000710800007108', 1, 0, '2021-04-01 13:10:30', '0000-00-00 00:00:00', 'x952ef7b81d11232f4d65ab4e0a761oe1cz'),
('w2db578671968f75aa58e655882c383530p', 98, '000132337302012653', 1, 0, '2021-04-01 16:58:13', '0000-00-00 00:00:00', 'x952ef7b81d11232f4d65ab4e0a761oe1cz'),
('w3f682apecf102ed683161632df042fe9cp', 10, '000208272303151107', 1, 35, '2021-04-01 13:05:46', '2021-05-18 09:35:18', 'x952ef7b81d11232f4d65ab4e0a761oe1cz'),
('w821274acb228cf7a9636eq8e586163cc0w', 173, '000208149303149877', 1, 0, '2021-04-01 17:17:49', '0000-00-00 00:00:00', 'x952ef7b81d11232f4d65ab4e0a761oe1cz'),
('w8c5b3563d832609dd529fc66b675b331ee', 250, '000196342702962883', 1, 0, '2021-04-01 17:41:56', '0000-00-00 00:00:00', 'x952ef7b81d11232f4d65ab4e0a761oe1cz'),
('wafce1sbd8edc159e4843a778f4542e64fi', 48, '000073008001109184', 1, 0, '2021-04-01 16:46:09', '0000-00-00 00:00:00', 'x952ef7b81d11232f4d65ab4e0a761oe1cz'),
('wbc039cc777274s04698c94c0007e6671dv', 157, '000207308103141465', 1, 0, '2021-04-01 17:14:28', '0000-00-00 00:00:00', 'x952ef7b81d11232f4d65ab4e0a761oe1cz'),
('wce0e1fu4a0ee41d30ab779d9b8525dcc4j', 84, '000200531703039237', 1, 0, '2021-04-01 16:54:19', '0000-00-00 00:00:00', 'x952ef7b81d11232f4d65ab4e0a761oe1cz'),
('wda129acecel4c09c162ac16d40ba9ea95l', 57, '000206919503137579', 1, 0, '2021-04-01 16:48:35', '0000-00-00 00:00:00', 'x952ef7b81d11232f4d65ab4e0a761oe1cz'),
('wee70e9ab140ra1213cda168a79a252ca2b', 33, '000212261503225463', 1, 0, '2021-04-01 13:17:42', '2021-05-18 12:29:35', 'x952ef7b81d11232f4d65ab4e0a761oe1cz'),
('x2f78r6168fd2e8d89ee49ce2db709b6bfe', 111, '000205195603120340', 1, 0, '2021-04-01 17:01:07', '0000-00-00 00:00:00', 'x952ef7b81d11232f4d65ab4e0a761oe1cz'),
('x357329ff327ra9c16ef416defeb34618cq', 41, '000209775103200599', 1, 0, '2021-04-01 16:43:27', '0000-00-00 00:00:00', 'x952ef7b81d11232f4d65ab4e0a761oe1cz'),
('x5373dfbfb6579e3c78ff6250y6e2bac86p', 7, '000207865803147042', 1, 0, '2021-04-01 13:05:04', '2021-05-18 13:43:18', 'x952ef7b81d11232f4d65ab4e0a761oe1cz'),
('x76169656ac62ec6c61cc7cj7dcfe61246x', 248, '000210034203203190', 1, 0, '2021-04-01 17:41:36', '0000-00-00 00:00:00', 'x952ef7b81d11232f4d65ab4e0a761oe1cz'),
('x8ea010cd30e67fab2ce3a7dcbn5da80c3g', 252, '000219906303336375', 1, 0, '2021-04-01 17:42:14', '0000-00-00 00:00:00', 'x952ef7b81d11232f4d65ab4e0a761oe1cz'),
('xc6ab0456621099b5258aduc5cacbad3cbg', 241, '000209356003161944', 1, 0, '2021-04-01 17:39:46', '0000-00-00 00:00:00', 'x952ef7b81d11232f4d65ab4e0a761oe1cz'),
('xfbf1294a41cce3bf04ba37ee92a8e74fdk', 259, '000065994801004588', 1, 0, '2021-04-01 17:43:46', '0000-00-00 00:00:00', 'x952ef7b81d11232f4d65ab4e0a761oe1cz'),
('y0b0dcfaebazaff6663c39112a7c3b981fv', 66, '000199161603025536', 1, 0, '2021-04-01 16:50:35', '0000-00-00 00:00:00', 'x952ef7b81d11232f4d65ab4e0a761oe1cz'),
('y3aabc18da87c501330p5bcde689a33f75n', 136, '000197511403009034', 1, 5, '2021-04-01 17:08:53', '2021-05-18 11:51:46', 'x952ef7b81d11232f4d65ab4e0a761oe1cz'),
('y4433648a4177b0f54a55a2b2fb9ed00j2w', 110, '000197284903006769', 1, 0, '2021-04-01 17:00:53', '0000-00-00 00:00:00', 'x952ef7b81d11232f4d65ab4e0a761oe1cz'),
('y6a4afe82f93d3a2754791f5dreb7a7444y', 127, '000199509303029013', 1, 0, '2021-04-01 17:05:00', '2021-05-18 13:35:47', 'x952ef7b81d11232f4d65ab4e0a761oe1cz'),
('y892177220f3688c542031l277b09e811fo', 42, '000216632003303632', 1, 0, '2021-04-01 16:43:52', '0000-00-00 00:00:00', 'x952ef7b81d11232f4d65ab4e0a761oe1cz'),
('y8d7479d314e4d7a651838ff1fdb45b6d4c', 194, '000221180403349116', 1, 0, '2021-04-01 17:22:14', '0000-00-00 00:00:00', 'x952ef7b81d11232f4d65ab4e0a761oe1cz'),
('ya8cb3e30f1716fb6468448c7935ccf718v', 167, '000002298700022987', 1, 0, '2021-04-01 17:16:41', '0000-00-00 00:00:00', 'x952ef7b81d11232f4d65ab4e0a761oe1cz'),
('ye99ea5904f2286fbc6fb6dza90e5c41e7m', 186, '000201809003052010', 1, 0, '2021-04-01 17:20:49', '0000-00-00 00:00:00', 'x952ef7b81d11232f4d65ab4e0a761oe1cz'),
('yf26al2fb2573369dd3c0bcf6e5053fff8b', 45, '000215167503254523', 1, 0, '2021-04-01 16:44:39', '0000-00-00 00:00:00', 'x952ef7b81d11232f4d65ab4e0a761oe1cz'),
('yfffc71c09f2jba9a47b6d865899602ac8t', 160, '000209287503161259', 1, 0, '2021-04-01 17:15:04', '0000-00-00 00:00:00', 'x952ef7b81d11232f4d65ab4e0a761oe1cz'),
('z1537cc94624ef5e0b7t3ef273f0e3df85w', 51, '000216883203306144', 1, 0, '2021-04-01 16:46:41', '0000-00-00 00:00:00', 'x952ef7b81d11232f4d65ab4e0a761oe1cz'),
('z180e4c6c9ba99eb03df967409078c9087d', 58, '000207366603142050', 1, 0, '2021-04-01 16:48:48', '0000-00-00 00:00:00', 'x952ef7b81d11232f4d65ab4e0a761oe1cz'),
('z2edoabd2a52618142911b2cde913cadfew', 183, '000210712303209971', 1, 0, '2021-04-01 17:19:48', '0000-00-00 00:00:00', 'x952ef7b81d11232f4d65ab4e0a761oe1cz'),
('z3b25e33e06fad238zdf7f55412ab92aa9r', 130, '000212385803226706', 1, 60, '2021-04-01 17:05:37', '2021-05-17 12:48:39', 'x952ef7b81d11232f4d65ab4e0a761oe1cz'),
('z78457eweab500a52017c66c0a0267a7dba', 172, '000199205003025970', 1, 0, '2021-04-01 17:17:31', '0000-00-00 00:00:00', 'x952ef7b81d11232f4d65ab4e0a761oe1cz'),
('zae136ef3d7facc32693e91c0f32a94flcr', 121, '000005824200058242', 1, 0, '2021-04-01 17:03:33', '0000-00-00 00:00:00', 'x952ef7b81d11232f4d65ab4e0a761oe1cz'),
('zf0c20bc3a5e45ca66316v3fbc46aeb6bcd', 200, '000220934603346658', 1, 0, '2021-04-01 17:28:46', '0000-00-00 00:00:00', 'x952ef7b81d11232f4d65ab4e0a761oe1cz');

-- --------------------------------------------------------

--
-- Table structure for table `category`
--

CREATE TABLE `category` (
  `id_category` int(11) NOT NULL,
  `name_th` varchar(255) NOT NULL,
  `name_en` varchar(255) NOT NULL,
  `description_th` text DEFAULT NULL,
  `description_en` text DEFAULT NULL,
  `order` int(11) DEFAULT NULL,
  `create_id` varchar(35) NOT NULL,
  `create_datetime` datetime(6) NOT NULL,
  `update_id` varchar(35) DEFAULT NULL,
  `update_datetime` datetime(6) DEFAULT NULL,
  `delete_datetime` datetime(6) DEFAULT NULL
) ENGINE=InnoDB DEFAULT CHARSET=utf8 COMMENT='กลุ่มวิชา';

-- --------------------------------------------------------

--
-- Table structure for table `contact`
--

CREATE TABLE `contact` (
  `id_contact` int(11) NOT NULL,
  `name` varchar(255) NOT NULL,
  `email` varchar(100) NOT NULL,
  `subject` varchar(255) NOT NULL,
  `message` text NOT NULL,
  `status` tinyint(1) DEFAULT 0 COMMENT '1 = reply',
  `action_datetime` datetime DEFAULT NULL
) ENGINE=InnoDB DEFAULT CHARSET=utf8;

-- --------------------------------------------------------

--
-- Table structure for table `contact_reply`
--

CREATE TABLE `contact_reply` (
  `id_reply` int(11) NOT NULL,
  `id_contact` int(11) NOT NULL,
  `messages` text NOT NULL,
  `create_id` varchar(35) NOT NULL,
  `create_datetime` datetime(6) NOT NULL
) ENGINE=InnoDB DEFAULT CHARSET=utf8;

-- --------------------------------------------------------

--
-- Table structure for table `data_working_card`
--

CREATE TABLE `data_working_card` (
  `id` varchar(35) NOT NULL,
  `amount` int(11) NOT NULL COMMENT 'จำนวนเงินที่เติมหรือจ่ายออก',
  `receive_money` int(11) NOT NULL COMMENT 'เงินที่รับมา',
  `Identity` int(1) NOT NULL COMMENT '0 = เงินเข้า, 1 = เงินออก,2 = ย้ายเงิน',
  `data_date` datetime NOT NULL,
  `id_card` varchar(35) NOT NULL,
  `id_cashier` varchar(35) NOT NULL
) ENGINE=InnoDB DEFAULT CHARSET=utf8;

--
-- Dumping data for table `data_working_card`
--

INSERT INTO `data_working_card` (`id`, `amount`, `receive_money`, `Identity`, `data_date`, `id_card`, `id_cashier`) VALUES
('a02j4317647ca469fa3bfc0811d2040596y', 100, 500, 0, '2021-05-17 09:11:43', 'cf11f886d016fa3926qf9568099d741a51d', 't58206e9c60d8fc36rb60cca0d69f94077p'),
('a25e7c6ccbf91617n546d3439b786380f7p', 55, 0, 1, '2021-05-17 10:54:29', 'qcd7ebce10d393ec581111fba3l202a92co', 't58206e9c60d8fc36rb60cca0d69f94077p'),
('a8d0f7abde2d03b3w294aa1316219a65f7d', 25, 0, 1, '2021-05-17 09:22:54', 'y3aabc18da87c501330p5bcde689a33f75n', 't58206e9c60d8fc36rb60cca0d69f94077p'),
('aa9818eaf5f272fb215a78a2304f7d4ccbp', 7, 20, 0, '2021-05-17 10:29:59', 'y6a4afe82f93d3a2754791f5dreb7a7444y', 't58206e9c60d8fc36rb60cca0d69f94077p'),
('ab933a170q5f328ecce55324536c483641q', 40, 40, 0, '2021-05-17 13:20:17', 'g83eca2491f85960ad58d741104df9a58cx', 't58206e9c60d8fc36rb60cca0d69f94077p'),
('afad0dcbacef7671bf41f633d1c0da74a3x', 100, 100, 0, '2021-05-18 09:31:43', 'ta9b04091d721p95aef31eb2ffcd417508g', 't58206e9c60d8fc36rb60cca0d69f94077p'),
('b25c3j685d579249376bdd49ebecfd8170t', 60, 60, 0, '2021-05-18 11:59:39', 'vc254f3a05n1a7cf4376137ad252c56edfn', 't58206e9c60d8fc36rb60cca0d69f94077p'),
('b32d09f9ebb1eecaa242c26abc94ecad0dc', 100, 100, 0, '2021-05-18 09:17:12', 'bb257659ebf664336l5a609d9d6c331cfdu', 't58206e9c60d8fc36rb60cca0d69f94077p'),
('b375744862dd2e6e7ad9c2a47068ebh16fb', 100, 100, 0, '2021-05-18 10:01:05', 'o8938a0a2683a0abc52cha6761aa97bbc0d', 't58206e9c60d8fc36rb60cca0d69f94077p'),
('b5ea2cc508894b35b4dn7704d5dbad1752a', 20, 20, 0, '2021-05-17 11:19:36', 'y6a4afe82f93d3a2754791f5dreb7a7444y', 't58206e9c60d8fc36rb60cca0d69f94077p'),
('b614b27a21d52c6e306854a6ad558719aad', 100, 100, 0, '2021-05-18 10:34:28', 'o8938a0a2683a0abc52cha6761aa97bbc0d', 't58206e9c60d8fc36rb60cca0d69f94077p'),
('b8f4d76f02cd78357e70ef717ei7348724z', 10, 10, 0, '2021-05-18 11:58:03', 'vc254f3a05n1a7cf4376137ad252c56edfn', 't58206e9c60d8fc36rb60cca0d69f94077p'),
('bc02b2s17c3250833e052ecfd5a37262cep', 25, 100, 0, '2021-05-18 11:55:09', 'sa675b0399721z617c635452f6dafa1175y', 't58206e9c60d8fc36rb60cca0d69f94077p'),
('bc3310fabo52859c70a9f022e3f1eb3260n', 400, 500, 0, '2021-05-18 15:16:13', 'h84265e4pc45c5f3a276d46e8b8aa782d5v', 't58206e9c60d8fc36rb60cca0d69f94077p'),
('be63ef912fe3f131c143da7ck834eee7e0l', 7, 7, 0, '2021-05-17 12:15:40', 's8c3j56ff9ca8d18786fc08fae6513d353q', 't58206e9c60d8fc36rb60cca0d69f94077p'),
('bfda8129c52c0fcceddfb19feecbfbh673b', 65, 65, 0, '2021-05-18 10:59:02', 'k08f6bef0d07ef948aeca6af1d8c9dbc02w', 't58206e9c60d8fc36rb60cca0d69f94077p'),
('c236b47201fa50aaa0dcab82a2e4b9b605l', 5, 0, 1, '2021-05-17 11:43:09', 'qcd7ebce10d393ec581111fba3l202a92co', 't58206e9c60d8fc36rb60cca0d69f94077p'),
('c452bb063156c9365e1d09et145f927bbbo', 20, 20, 0, '2021-05-17 13:04:10', 'p0c7bf9aaa0c4af33413ed3702999ebab3e', 't58206e9c60d8fc36rb60cca0d69f94077p'),
('c5993d2e886808b400e63d65f1f14defcgz', 30, 0, 1, '2021-05-17 09:11:00', 'y3aabc18da87c501330p5bcde689a33f75n', 't58206e9c60d8fc36rb60cca0d69f94077p'),
('c73d74228b9aa9212b78fd5e18fjad2427r', 200, 200, 0, '2021-05-17 13:44:54', 'a11efc5917319fe89a5le290e419900902f', 't58206e9c60d8fc36rb60cca0d69f94077p'),
('c77aed94cb75babd47b120eb5691c01b3ei', 200, 200, 0, '2021-05-17 14:55:35', 'k4c2703bccc3c213ebd1208b25bbj8fb38o', 't58206e9c60d8fc36rb60cca0d69f94077p'),
('c7dac1efdd8713f231d15f4bd60abeke87s', 25, 0, 1, '2021-05-17 13:30:37', 't4227a843f2bc4f67e028b3c3722403dady', 't58206e9c60d8fc36rb60cca0d69f94077p'),
('c7f9e7b7b86df27cb825ca7cfa0d248c3fs', 20, 20, 0, '2021-05-17 10:27:44', 'o8938a0a2683a0abc52cha6761aa97bbc0d', 't58206e9c60d8fc36rb60cca0d69f94077p'),
('c9cvfc0327dd96b1583b5b472c31e373f2j', 21, 0, 1, '2021-05-17 09:52:23', 'accb16f33c0a8db161ccd3a61m0882ad63j', 't58206e9c60d8fc36rb60cca0d69f94077p'),
('ca1392y2b806a651ad2c3227be5fb5ae4do', 100, 100, 0, '2021-05-18 12:09:15', 'dab716deb07531f3843179c76d075db6d4o', 't58206e9c60d8fc36rb60cca0d69f94077p'),
('ca6213accb3380d5d7b8f957c6dcm7afb3n', 50, 50, 0, '2021-05-17 11:00:23', 'qcd7ebce10d393ec581111fba3l202a92co', 't58206e9c60d8fc36rb60cca0d69f94077p'),
('cb0ad8438921bs5fd27b1f1e982fbb0dc2x', 20, 0, 1, '2021-05-17 10:57:27', 'q7925b272m17e4733be325f24efebd0943r', 't58206e9c60d8fc36rb60cca0d69f94077p'),
('cebc690aa99bbeed3bv5e55b077d985373s', 25, 100, 0, '2021-05-17 12:55:33', 'p0c7bf9aaa0c4af33413ed3702999ebab3e', 't58206e9c60d8fc36rb60cca0d69f94077p'),
('cf8c46322776bh2171500b077a052ee4f1a', 1200, 1200, 0, '2021-05-17 16:01:50', 's8c3j56ff9ca8d18786fc08fae6513d353q', 't58206e9c60d8fc36rb60cca0d69f94077p'),
('d40bbc1jdbf83a0ebbbbb30bf19a8bc287m', 400, 400, 0, '2021-05-18 14:20:00', 'cf11f886d016fa3926qf9568099d741a51d', 't58206e9c60d8fc36rb60cca0d69f94077p'),
('d413af3a8a6b788a23c510caa15c5861b7f', 30, 30, 0, '2021-05-17 13:45:40', 'oc4e04ee8dfd4c6dba9ca2ej7b4aad971ey', 't58206e9c60d8fc36rb60cca0d69f94077p'),
('d4546c4cfe6af96b8de37bfde501cad1a6n', 100, 100, 0, '2021-05-18 13:12:14', 'g87ef4d5b5cc6263367df67p3a5bdf03d4y', 't58206e9c60d8fc36rb60cca0d69f94077p'),
('d6c0d697b9103b5df0331b50ad35c7008fn', 13, 0, 1, '2021-05-18 10:15:17', 'vc254f3a05n1a7cf4376137ad252c56edfn', 't58206e9c60d8fc36rb60cca0d69f94077p'),
('d6f25pe2dd1748b70a3bd15238ac3b0fa8d', 130, 0, 1, '2021-05-17 13:18:20', 'g83eca2491f85960ad58d741104df9a58cx', 't58206e9c60d8fc36rb60cca0d69f94077p'),
('d7b408de9r313f15e2098eecb86c00eca3x', 100, 100, 0, '2021-05-18 11:58:53', 'b04m95555b13b08a522af6cae72c78bcc5r', 't58206e9c60d8fc36rb60cca0d69f94077p'),
('d8fc42a7794759a9da77h6435cd3f28498j', 40, 0, 1, '2021-05-17 08:48:14', 'o8938a0a2683a0abc52cha6761aa97bbc0d', 't58206e9c60d8fc36rb60cca0d69f94077p'),
('ddjf4032502d0d2a7dda100921d6eb485cm', 20, 20, 0, '2021-05-18 12:51:33', 'f1c960cw8c50ccf5773ce4c797bc0bb0cas', 't58206e9c60d8fc36rb60cca0d69f94077p'),
('de86bc7824f75aa65dd27740e9782cy1f0c', 20, 20, 0, '2021-05-18 10:45:12', 'ceb89e774c272ae41a1b699fd56e71f773x', 't58206e9c60d8fc36rb60cca0d69f94077p'),
('des1f0d2a3fad7eae65c142256d76e1ef9n', 30, 30, 0, '2021-05-18 09:40:19', 'e9f375c36fe0855f12b4ax97bc133fd20bj', 't58206e9c60d8fc36rb60cca0d69f94077p'),
('df9a58578eef6938a9ce474c57e8efc48ej', 45, 0, 1, '2021-05-18 14:12:09', 'd1fa4999d5id055b20564a766ae8b5dbc5k', 't58206e9c60d8fc36rb60cca0d69f94077p'),
('e2bc63ff4559cddd53c88f32m856d393b2j', 23, 0, 1, '2021-05-17 13:47:58', 'oee6008d94f3f24e0s581c878a22c65aa4q', 't58206e9c60d8fc36rb60cca0d69f94077p'),
('e57542950cv60e4eb781960952238b4665s', 40, 0, 1, '2021-05-18 14:49:58', 'h84265e4pc45c5f3a276d46e8b8aa782d5v', 't58206e9c60d8fc36rb60cca0d69f94077p'),
('e5e6f4e74a52762b62363f3036bcd055e8u', 50, 100, 0, '2021-05-17 13:28:09', 's8c3j56ff9ca8d18786fc08fae6513d353q', 't58206e9c60d8fc36rb60cca0d69f94077p'),
('e73b309b0294a8fa497a808f47a0197bdap', 20, 100, 0, '2021-05-18 13:10:57', 'f9a1bt70e4f0686afcd7fb84209d34d2e7m', 't58206e9c60d8fc36rb60cca0d69f94077p'),
('e7e484d1b189481243lb9a82095556ba2cb', 100, 100, 0, '2021-05-18 07:40:54', 'if5229d23d5045cde7cacjc56dc4c006c0c', 't58206e9c60d8fc36rb60cca0d69f94077p'),
('e85e1f273018ee9o59f78bd33a4175dcd2w', 60, 60, 0, '2021-05-18 09:43:03', 'h2bfd7b0a4aaf3be6241ec31df0z67e1bfo', 't58206e9c60d8fc36rb60cca0d69f94077p'),
('e99f999ffa0797aec8670ed0ce62c069p6h', 20, 20, 0, '2021-05-18 10:29:12', 'vc254f3a05n1a7cf4376137ad252c56edfn', 't58206e9c60d8fc36rb60cca0d69f94077p'),
('eaf9fdf217aa988e50d15d36fcb6ya3efev', 40, 40, 0, '2021-05-18 12:07:54', 'wee70e9ab140ra1213cda168a79a252ca2b', 't58206e9c60d8fc36rb60cca0d69f94077p'),
('ebf229yacff1a04fc1d83ca7e4a8c46afao', 100, 100, 0, '2021-05-18 12:29:04', 'wee70e9ab140ra1213cda168a79a252ca2b', 't58206e9c60d8fc36rb60cca0d69f94077p'),
('ec2c138e38b61acb17863e823ce8dd6138n', 50, 50, 0, '2021-05-18 12:02:21', 'f9a1bt70e4f0686afcd7fb84209d34d2e7m', 't58206e9c60d8fc36rb60cca0d69f94077p'),
('f191ebc56ed9f504bcd654d53e7eb07d7dy', 330, 330, 0, '2021-05-17 15:09:07', 'oee6008d94f3f24e0s581c878a22c65aa4q', 't58206e9c60d8fc36rb60cca0d69f94077p'),
('f48851l73f819816efe70e3ce2b1b329f8b', 100, 100, 0, '2021-05-18 09:58:40', 'oee6008d94f3f24e0s581c878a22c65aa4q', 't58206e9c60d8fc36rb60cca0d69f94077p'),
('f4c4kd551d136b5e1f90f42f5d2415e86cy', 50, 50, 0, '2021-05-18 13:47:18', 'fa0idf66c29460af6f2ada20db95dada3es', 't58206e9c60d8fc36rb60cca0d69f94077p'),
('f4cbf88bk3659c0db777cc786b9777f83ck', 60, 60, 0, '2021-05-17 10:43:11', 'q7925b272m17e4733be325f24efebd0943r', 't58206e9c60d8fc36rb60cca0d69f94077p'),
('f5ff96c2ucc4ebe75ee3248cf8f56cf5b3a', 20, 20, 0, '2021-05-17 10:37:01', 'a11efc5917319fe89a5le290e419900902f', 't58206e9c60d8fc36rb60cca0d69f94077p'),
('f6f9887ba1l9e48b400b4356614c7dd546d', 100, 100, 0, '2021-05-17 08:37:50', 'h2bfd7b0a4aaf3be6241ec31df0z67e1bfo', 't58206e9c60d8fc36rb60cca0d69f94077p'),
('f76864177ad7c9723a4ua641767f05eecfe', 70, 70, 0, '2021-05-17 13:22:39', 't4227a843f2bc4f67e028b3c3722403dady', 't58206e9c60d8fc36rb60cca0d69f94077p'),
('f9de79ce2a259557a5ev53eda64af67f26d', 20, 20, 0, '2021-05-17 10:42:09', 'vc254f3a05n1a7cf4376137ad252c56edfn', 't58206e9c60d8fc36rb60cca0d69f94077p'),
('fcd08accdc7461c393ca815e60449a0874o', 50, 50, 0, '2021-05-17 09:00:29', 'k4c2703bccc3c213ebd1208b25bbj8fb38o', 't58206e9c60d8fc36rb60cca0d69f94077p'),
('fea9c1e1a0byd1d5c43dd2702208c71ab0c', 50, 50, 0, '2021-05-17 08:44:58', 'm6b7f73645d2e969ffb15q448202cbbf7bi', 't58206e9c60d8fc36rb60cca0d69f94077p'),
('ff7f7e1e6f73b6dtbe78e322b5edc04d57r', 100, 100, 0, '2021-05-17 09:11:19', 'y3aabc18da87c501330p5bcde689a33f75n', 't58206e9c60d8fc36rb60cca0d69f94077p'),
('g03f76e92d4659a791c3891ebwe8ac37ebf', 20, 0, 1, '2021-05-18 11:30:42', 'de8b17edd85d825bb2b8c9f93673b1413ug', 't58206e9c60d8fc36rb60cca0d69f94077p'),
('g10tf63b9e1c566f5da9574396c13dc527p', 100, 100, 0, '2021-05-18 09:47:43', 'cf11f886d016fa3926qf9568099d741a51d', 't58206e9c60d8fc36rb60cca0d69f94077p'),
('g69e59d6d8d377b3a0c145046e39792792w', 100, 100, 0, '2021-05-18 12:29:29', 'ee6c7caa1a57d08b75493196f45049f4t5r', 't58206e9c60d8fc36rb60cca0d69f94077p'),
('g6b9eb37f2c26658s9dd8d0e565345d563q', 100, 100, 0, '2021-05-17 09:12:55', 'e9f375c36fe0855f12b4ax97bc133fd20bj', 't58206e9c60d8fc36rb60cca0d69f94077p'),
('g76c4db178b3593kab5689491981aabd80u', 100, 100, 0, '2021-05-18 09:31:16', 'g87ef4d5b5cc6263367df67p3a5bdf03d4y', 't58206e9c60d8fc36rb60cca0d69f94077p'),
('g7zebb22ea5c93c816138671a50882878eg', 20, 0, 1, '2021-05-18 11:33:43', 'vc254f3a05n1a7cf4376137ad252c56edfn', 't58206e9c60d8fc36rb60cca0d69f94077p'),
('g8v3e2dd6c90b8ae09b98503d595b7b265d', 100, 100, 0, '2021-05-18 10:06:55', 'q02aef4318ead747ca49b965e3daf60dewh', 't58206e9c60d8fc36rb60cca0d69f94077p'),
('g992f8f9508e64add7geb07e6be2c61457p', 30, 0, 1, '2021-05-18 12:11:24', 'ka31e884502e84a7cb7z013d3529a23f2be', 't58206e9c60d8fc36rb60cca0d69f94077p'),
('g99e642206b9a59f939cfar505bd4e6352q', 100, 500, 0, '2021-05-17 10:47:33', 'i201537caef5eb53e94faeied7725a81a8k', 't58206e9c60d8fc36rb60cca0d69f94077p'),
('gb12e62eb69fb3868b865s02d339840cd8o', 75, 0, 1, '2021-05-18 14:11:53', 'cf11f886d016fa3926qf9568099d741a51d', 't58206e9c60d8fc36rb60cca0d69f94077p'),
('gc8s300557e39d21f9a72afd00022b99c1b', 100, 100, 0, '2021-05-17 08:56:21', 't4227a843f2bc4f67e028b3c3722403dady', 't58206e9c60d8fc36rb60cca0d69f94077p'),
('gce8816d4f5169775c9c6af109a7d9c9eav', 90, 0, 1, '2021-05-17 10:08:29', 'a11efc5917319fe89a5le290e419900902f', 't58206e9c60d8fc36rb60cca0d69f94077p'),
('h13091be86f24d40ja427b365065f4a6a9t', 5, 0, 1, '2021-05-17 11:01:58', 'o8938a0a2683a0abc52cha6761aa97bbc0d', 't58206e9c60d8fc36rb60cca0d69f94077p'),
('h185e54832eb7b1c1110a6f9284cdk6023d', 60, 0, 1, '2021-05-18 10:39:32', 'o8938a0a2683a0abc52cha6761aa97bbc0d', 't58206e9c60d8fc36rb60cca0d69f94077p'),
('h21se39c8043b3ebf65bb1d5fcafff425as', 5, 0, 1, '2021-05-18 12:31:23', 'g9o970e4cbc61b43716318be81362108d2c', 't58206e9c60d8fc36rb60cca0d69f94077p'),
('h63n082f66d31c4dc790965b0f815d3c6by', 100, 100, 0, '2021-05-17 09:19:06', 'b3695f9f008e6c2393fybc09ce8469c5f4h', 't58206e9c60d8fc36rb60cca0d69f94077p'),
('h73434fcf9b3eb4392e0cd9c29ed3ddbffs', 22, 22, 0, '2021-05-18 12:25:26', 'g87ef4d5b5cc6263367df67p3a5bdf03d4y', 't58206e9c60d8fc36rb60cca0d69f94077p'),
('h977e747b1f4f2a53876f6f3d08y0b2d37m', 100, 100, 0, '2021-05-18 10:34:51', 'oee6008d94f3f24e0s581c878a22c65aa4q', 't58206e9c60d8fc36rb60cca0d69f94077p'),
('h987bac0b36b7da89df2610eec9fe2cf47z', 80, 80, 0, '2021-05-18 11:45:30', 'ka31e884502e84a7cb7z013d3529a23f2be', 't58206e9c60d8fc36rb60cca0d69f94077p'),
('hc0f6b8a52014b26a83f76968cb81ybfb7x', 100, 500, 0, '2021-05-17 11:39:27', 'z3b25e33e06fad238zdf7f55412ab92aa9r', 't58206e9c60d8fc36rb60cca0d69f94077p'),
('hdb3adb29742ff432a034c4475c67s4589g', 100, 100, 0, '2021-05-17 09:21:55', 'q855b7a587c0aza435a4b024f318f97325j', 't58206e9c60d8fc36rb60cca0d69f94077p'),
('i3f60cdc0e8557i0d15c6f59ec554f199fj', 7, 7, 0, '2021-05-17 11:38:27', 'z3b25e33e06fad238zdf7f55412ab92aa9r', 't58206e9c60d8fc36rb60cca0d69f94077p'),
('i49a7d165dea2e91b706a6c7m03a313031v', 30, 30, 0, '2021-05-18 13:20:42', 'fa0idf66c29460af6f2ada20db95dada3es', 't58206e9c60d8fc36rb60cca0d69f94077p'),
('i5f23fb945a1gcf801d04c9790a513947dx', 100, 100, 0, '2021-05-18 12:46:21', 'bb257659ebf664336l5a609d9d6c331cfdu', 't58206e9c60d8fc36rb60cca0d69f94077p'),
('ia166e4d943f6f46c9ca5e9266fe23hbf2g', 100, 100, 0, '2021-05-18 09:02:21', 'q855b7a587c0aza435a4b024f318f97325j', 't58206e9c60d8fc36rb60cca0d69f94077p'),
('ia695708888ba5f8db3697775pe99a3ad0u', 20, 20, 0, '2021-05-17 10:36:19', 'y6a4afe82f93d3a2754791f5dreb7a7444y', 't58206e9c60d8fc36rb60cca0d69f94077p'),
('ice7a97e80b7ba21a4bfj6ddd73d31716bl', 100, 100, 0, '2021-05-17 09:12:27', 'o8938a0a2683a0abc52cha6761aa97bbc0d', 't58206e9c60d8fc36rb60cca0d69f94077p'),
('id01823e40521d1cb4ene08affbb854e99t', 113, 0, 1, '2021-05-18 09:34:45', 'g87ef4d5b5cc6263367df67p3a5bdf03d4y', 't58206e9c60d8fc36rb60cca0d69f94077p'),
('ief6e927uf541a3f5d3873f2cab4ee81ffw', 70, 0, 1, '2021-05-18 10:40:30', 'ceb89e774c272ae41a1b699fd56e71f773x', 't58206e9c60d8fc36rb60cca0d69f94077p'),
('if263fd75dd76a99l40afa80913d994c0fw', 100, 100, 0, '2021-05-17 11:06:04', 't4227a843f2bc4f67e028b3c3722403dady', 't58206e9c60d8fc36rb60cca0d69f94077p'),
('iff2bce9295327p578472a77c3b3671e19f', 7, 7, 0, '2021-05-17 15:09:37', 's8c3j56ff9ca8d18786fc08fae6513d353q', 't58206e9c60d8fc36rb60cca0d69f94077p'),
('iz927bdf7190e4f6c22b07bf37ac1d03f6a', 60, 60, 0, '2021-05-18 13:18:56', 'y6a4afe82f93d3a2754791f5dreb7a7444y', 't58206e9c60d8fc36rb60cca0d69f94077p'),
('j0b4c6d1381d78277ba33a65e22f6346waw', 170, 0, 1, '2021-05-17 12:39:44', 'a11efc5917319fe89a5le290e419900902f', 't58206e9c60d8fc36rb60cca0d69f94077p'),
('j14692807c8c60f1f758e064548664f0eac', 9, 0, 1, '2021-05-17 10:15:26', 't4227a843f2bc4f67e028b3c3722403dady', 't58206e9c60d8fc36rb60cca0d69f94077p'),
('j156064380c4f8e0029ba8f7b9de2e26c7f', 35, 0, 1, '2021-05-17 13:54:29', 'p0c7bf9aaa0c4af33413ed3702999ebab3e', 't58206e9c60d8fc36rb60cca0d69f94077p'),
('j1f4c81b77660123ff775v155dd3a59be4w', 20, 1000, 0, '2021-05-18 13:01:17', 'ee6c7caa1a57d08b75493196f45049f4t5r', 't58206e9c60d8fc36rb60cca0d69f94077p'),
('j2547df48bb29da76118e511bd96acf426m', 100, 100, 0, '2021-05-17 10:21:18', 'h2bfd7b0a4aaf3be6241ec31df0z67e1bfo', 't58206e9c60d8fc36rb60cca0d69f94077p'),
('j5e8v91dba80852eda64cfba987d970459f', 53, 0, 1, '2021-05-17 13:01:21', 'oee6008d94f3f24e0s581c878a22c65aa4q', 't58206e9c60d8fc36rb60cca0d69f94077p'),
('j625cbd3ef651s933e8713167b0c4ec566h', 100, 100, 0, '2021-05-18 11:15:26', 'g9o970e4cbc61b43716318be81362108d2c', 't58206e9c60d8fc36rb60cca0d69f94077p'),
('j749142b0ce7bd451c31bccad691f8381yg', 60, 0, 1, '2021-05-18 08:33:55', 'bb257659ebf664336l5a609d9d6c331cfdu', 't58206e9c60d8fc36rb60cca0d69f94077p'),
('j80eq444b211d310feb1ccde79bcdf29b6e', 100, 100, 0, '2021-05-17 12:16:08', 'oee6008d94f3f24e0s581c878a22c65aa4q', 't58206e9c60d8fc36rb60cca0d69f94077p'),
('j95808epdf6efa18f60e1a99f00c12ae2af', 53, 0, 1, '2021-05-17 09:28:23', 'x5373dfbfb6579e3c78ff6250y6e2bac86p', 't58206e9c60d8fc36rb60cca0d69f94077p'),
('ja6e3d053cc93a8ud2f7be88640706a0cbm', 5, 5, 0, '2021-05-17 13:23:55', 'g83eca2491f85960ad58d741104df9a58cx', 't58206e9c60d8fc36rb60cca0d69f94077p'),
('jbb02d420b6dce145x56f6d35ab81e7801v', 20, 20, 0, '2021-05-17 13:19:35', 'p0c7bf9aaa0c4af33413ed3702999ebab3e', 't58206e9c60d8fc36rb60cca0d69f94077p'),
('jd94835e78845cc1c91709346b93e33d05t', 30, 30, 0, '2021-05-17 10:35:53', 'o8938a0a2683a0abc52cha6761aa97bbc0d', 't58206e9c60d8fc36rb60cca0d69f94077p'),
('je8ncdb054b63e73677b0728640330bdd9w', 100, 100, 0, '2021-05-18 08:55:18', 'bb257659ebf664336l5a609d9d6c331cfdu', 't58206e9c60d8fc36rb60cca0d69f94077p'),
('k1840d3ay7f5bbe716fd458e9bb1dfadc3y', 20, 20, 0, '2021-05-18 10:56:51', 'g87ef4d5b5cc6263367df67p3a5bdf03d4y', 't58206e9c60d8fc36rb60cca0d69f94077p'),
('k1e6ca57702f6dd7cdf2089b45bf3cfbe9q', 20, 20, 0, '2021-05-18 10:04:25', 'g87ef4d5b5cc6263367df67p3a5bdf03d4y', 't58206e9c60d8fc36rb60cca0d69f94077p'),
('k2848bx70f64c72fc9610b6abe6436013dh', 50, 0, 1, '2021-05-18 08:02:03', 'if5229d23d5045cde7cacjc56dc4c006c0c', 't58206e9c60d8fc36rb60cca0d69f94077p'),
('k3e2d58fdaf3850a01f25b9b06856a4yd9y', 100, 100, 0, '2021-05-18 12:37:16', 'bb257659ebf664336l5a609d9d6c331cfdu', 't58206e9c60d8fc36rb60cca0d69f94077p'),
('k4126a6ef12dc2dc0ec08be8p64ab788dfj', 100, 100, 0, '2021-05-18 11:54:16', 'bab9064180f0677b3bfb51b887e1897a42q', 't58206e9c60d8fc36rb60cca0d69f94077p'),
('k452b898d8fc6z90ce9541c3d97f6ca3a0j', 20, 20, 0, '2021-05-18 10:46:27', 'gc7983c00bb298010e4abea98509hfd4d5s', 't58206e9c60d8fc36rb60cca0d69f94077p'),
('k57386b45445f7a2f8cf0801005u832586d', 10, 0, 1, '2021-05-18 12:38:10', 'vc254f3a05n1a7cf4376137ad252c56edfn', 't58206e9c60d8fc36rb60cca0d69f94077p'),
('k64418188d006fbpda8bd78575beef2cefv', 45, 0, 1, '2021-05-18 12:23:57', 'ee6c7caa1a57d08b75493196f45049f4t5r', 't58206e9c60d8fc36rb60cca0d69f94077p'),
('k69ad3ec382125548e6b9f78089d6b5fetk', 40, 0, 1, '2021-05-17 09:43:19', 'x5373dfbfb6579e3c78ff6250y6e2bac86p', 't58206e9c60d8fc36rb60cca0d69f94077p'),
('k7939dda6eeda6e916dc4df9b5c426903jv', 25, 25, 0, '2021-05-18 13:08:47', 'g87ef4d5b5cc6263367df67p3a5bdf03d4y', 't58206e9c60d8fc36rb60cca0d69f94077p'),
('k79ade50e2b4ib24aa2610a95b8c23aceex', 100, 100, 0, '2021-05-17 08:30:57', 'h2bfd7b0a4aaf3be6241ec31df0z67e1bfo', 't58206e9c60d8fc36rb60cca0d69f94077p'),
('k9047ec01659275c90dd65a0fa223f6bc6o', 20, 500, 0, '2021-05-17 10:46:32', 'i201537caef5eb53e94faeied7725a81a8k', 't58206e9c60d8fc36rb60cca0d69f94077p'),
('k9d2f23abe38b8ee76ga097fa8d8f742f6i', 25, 25, 0, '2021-05-17 11:07:09', 'y6a4afe82f93d3a2754791f5dreb7a7444y', 't58206e9c60d8fc36rb60cca0d69f94077p'),
('ka781t53283541d31a39c7990b44eb2538r', 90, 100, 0, '2021-05-17 10:54:59', 'e9f375c36fe0855f12b4ax97bc133fd20bj', 't58206e9c60d8fc36rb60cca0d69f94077p'),
('kdfcb194566faa41296810970b393p1a3cq', 20, 0, 1, '2021-05-18 12:20:49', 'f9a1bt70e4f0686afcd7fb84209d34d2e7m', 't58206e9c60d8fc36rb60cca0d69f94077p'),
('kec329b1050dc82f3f1b0058ddf50d30d8x', 190, 0, 1, '2021-05-17 10:51:42', 'h2bfd7b0a4aaf3be6241ec31df0z67e1bfo', 't58206e9c60d8fc36rb60cca0d69f94077p'),
('ked3d754de007b7e12c21f97d181jf5341j', 63, 0, 1, '2021-05-17 09:28:43', 'b3695f9f008e6c2393fybc09ce8469c5f4h', 't58206e9c60d8fc36rb60cca0d69f94077p'),
('l28c42d240b26c77e1592934b837ffd863x', 20, 20, 0, '2021-05-17 11:23:07', 'l75530b9cd5d54d0105b91f9v0f4a521e0y', 't58206e9c60d8fc36rb60cca0d69f94077p'),
('l40d7b1572n98bb2bd19cef875c84a2d55k', 80, 80, 0, '2021-05-17 10:43:35', 'k0d11pd1b3f44083c8c4c328f2d071d9e0r', 't58206e9c60d8fc36rb60cca0d69f94077p'),
('l6945p2f8cb1736f203f8f7685750b11c3a', 100, 100, 0, '2021-05-18 08:00:49', 'ka31e884502e84a7cb7z013d3529a23f2be', 't58206e9c60d8fc36rb60cca0d69f94077p'),
('l7751bb212e878cd23dacead9f8139114nk', 90, 0, 1, '2021-05-17 10:08:53', 'o8938a0a2683a0abc52cha6761aa97bbc0d', 't58206e9c60d8fc36rb60cca0d69f94077p'),
('l968f65c27c42d7fa344j6b140b203ad86h', 100, 100, 0, '2021-05-17 09:45:52', 'x5373dfbfb6579e3c78ff6250y6e2bac86p', 't58206e9c60d8fc36rb60cca0d69f94077p'),
('la8969d4d1273es11345b9047c054e5f38u', 20, 20, 0, '2021-05-18 12:46:42', 'g87ef4d5b5cc6263367df67p3a5bdf03d4y', 't58206e9c60d8fc36rb60cca0d69f94077p'),
('lbb0ec47387d2a7caq5218d0d75e63d808f', 62, 0, 1, '2021-05-17 12:16:40', 't4227a843f2bc4f67e028b3c3722403dady', 't58206e9c60d8fc36rb60cca0d69f94077p'),
('ldaeeb810y815bda73d1ffd5b09b60925dm', 30, 500, 0, '2021-05-18 11:14:26', 'k08f6bef0d07ef948aeca6af1d8c9dbc02w', 't58206e9c60d8fc36rb60cca0d69f94077p'),
('le27e04ccb5d8b9c19cmaddabc55128696v', 100, 100, 0, '2021-05-17 11:40:46', 'l75530b9cd5d54d0105b91f9v0f4a521e0y', 't58206e9c60d8fc36rb60cca0d69f94077p'),
('m14p6cd32ad5edcfecc7cba56882cebca4s', 50, 100, 0, '2021-05-17 14:01:34', 'p0c7bf9aaa0c4af33413ed3702999ebab3e', 't58206e9c60d8fc36rb60cca0d69f94077p'),
('m3de6ec53d420q6f0791161763d7e02b79p', 100, 100, 0, '2021-05-17 10:23:17', 'h69870350c2f7283047d43b2f79d8708l3d', 't58206e9c60d8fc36rb60cca0d69f94077p'),
('m44fd3b10d506ab9d78dwe349fd9fbd3c1c', 200, 1000, 0, '2021-05-18 10:00:15', 'p0c7bf9aaa0c4af33413ed3702999ebab3e', 't58206e9c60d8fc36rb60cca0d69f94077p'),
('m54bcd34cd0wd274bfd0f28218ea4ab67bo', 60, 60, 0, '2021-05-17 10:37:37', 'vc254f3a05n1a7cf4376137ad252c56edfn', 't58206e9c60d8fc36rb60cca0d69f94077p'),
('m622569bbb0a423e91e86e36e2c9e2dcf9q', 25, 100, 0, '2021-05-17 11:21:48', 'g87ef4d5b5cc6263367df67p3a5bdf03d4y', 't58206e9c60d8fc36rb60cca0d69f94077p'),
('mb8e6b95a8b32820941f3be0b7725daca5j', 20, 100, 0, '2021-05-17 13:50:21', 'k4c2703bccc3c213ebd1208b25bbj8fb38o', 't58206e9c60d8fc36rb60cca0d69f94077p'),
('mc0491722379544c7dub717a76cd9cead6f', 7, 7, 0, '2021-05-18 10:27:36', 'vc254f3a05n1a7cf4376137ad252c56edfn', 't58206e9c60d8fc36rb60cca0d69f94077p'),
('mf5d251f33e421ff656555e90h2ebf078av', 140, 140, 0, '2021-05-18 13:56:56', 'ee6c7caa1a57d08b75493196f45049f4t5r', 't58206e9c60d8fc36rb60cca0d69f94077p'),
('n211751454deb511e9996a9da34687f99fk', 11, 0, 1, '2021-05-17 11:02:13', 't4227a843f2bc4f67e028b3c3722403dady', 't58206e9c60d8fc36rb60cca0d69f94077p'),
('n2aaabc02e7b2a729dec9121f3f5ef2aadx', 60, 60, 0, '2021-05-17 13:21:47', 'p0c7bf9aaa0c4af33413ed3702999ebab3e', 't58206e9c60d8fc36rb60cca0d69f94077p'),
('n46a4f25ccc8r43a55f986790d4eaeae5bp', 20, 20, 0, '2021-05-17 10:45:18', 'a11efc5917319fe89a5le290e419900902f', 't58206e9c60d8fc36rb60cca0d69f94077p'),
('n8890610d4968a0eec68cw34f5490977c5u', 100, 100, 0, '2021-05-17 08:40:23', 'o8938a0a2683a0abc52cha6761aa97bbc0d', 't58206e9c60d8fc36rb60cca0d69f94077p'),
('n8f84a4bdfe91658f205ae41m96a52ac5fs', 20, 0, 1, '2021-05-17 10:15:07', 'y6a4afe82f93d3a2754791f5dreb7a7444y', 't58206e9c60d8fc36rb60cca0d69f94077p'),
('nd6bfe60d4084aa32599f572c2b837m092u', 50, 50, 0, '2021-05-18 10:41:58', 'o8938a0a2683a0abc52cha6761aa97bbc0d', 't58206e9c60d8fc36rb60cca0d69f94077p'),
('nd82f9fe421bf8705ad46qda81a2872d4ew', 100, 100, 0, '2021-05-17 09:05:27', 'y3aabc18da87c501330p5bcde689a33f75n', 't58206e9c60d8fc36rb60cca0d69f94077p'),
('ne065d5743571d81a13545b4v872fa13a8r', 100, 100, 0, '2021-05-17 09:14:25', 'w3f682apecf102ed683161632df042fe9cp', 't58206e9c60d8fc36rb60cca0d69f94077p'),
('nf0511dcbf135c4cddac4bd7a4a8014423a', 100, 100, 0, '2021-05-18 09:34:05', 'jc0b5cb037ac964c4372dce93h3bcf3ea6p', 't58206e9c60d8fc36rb60cca0d69f94077p'),
('nf2bbbd2u69916de4f10b9e7765568c1a3z', 25, 50, 0, '2021-05-17 10:52:30', 'h2bfd7b0a4aaf3be6241ec31df0z67e1bfo', 't58206e9c60d8fc36rb60cca0d69f94077p'),
('nf52196adafe74621f10sb9eba32678768q', 90, 0, 1, '2021-05-18 12:15:45', 'v4e01f2a70bdk195054b7e0633f5359221p', 't58206e9c60d8fc36rb60cca0d69f94077p'),
('o303ef95y90067291cb6bfa393a6023406n', 100, 100, 0, '2021-05-18 13:51:07', 'g83eca2491f85960ad58d741104df9a58cx', 't58206e9c60d8fc36rb60cca0d69f94077p'),
('o42e1cc17e30574cc91be797707347cy3ef', 60, 0, 1, '2021-05-17 12:04:46', 'p0c7bf9aaa0c4af33413ed3702999ebab3e', 't58206e9c60d8fc36rb60cca0d69f94077p'),
('o6bf0c5728aac222aaxd507a11f68a979au', 50, 50, 0, '2021-05-18 11:46:13', 'vc254f3a05n1a7cf4376137ad252c56edfn', 't58206e9c60d8fc36rb60cca0d69f94077p'),
('o6f95fb1644d0a3e3476e7f313282d2b4ae', 31, 0, 1, '2021-05-18 11:34:07', 'ka31e884502e84a7cb7z013d3529a23f2be', 't58206e9c60d8fc36rb60cca0d69f94077p'),
('o705bb1ab0ef3dc2dc25a31eb4e75vccb3v', 60, 100, 0, '2021-05-17 10:25:27', 'y6a4afe82f93d3a2754791f5dreb7a7444y', 't58206e9c60d8fc36rb60cca0d69f94077p'),
('o85e7957dd6a50w06a1e10790891efab49i', 25, 25, 0, '2021-05-18 14:11:07', 'k08f6bef0d07ef948aeca6af1d8c9dbc02w', 't58206e9c60d8fc36rb60cca0d69f94077p'),
('o89crf21cc037b9a961b139de62a96b6fdt', 100, 100, 0, '2021-05-17 11:28:25', 'kfe0m4e189be8350f1686f2ee7ff377efaj', 't58206e9c60d8fc36rb60cca0d69f94077p'),
('of089a36d33w059e361f9718757fb033c0d', 100, 100, 0, '2021-05-17 09:38:41', 'b3695f9f008e6c2393fybc09ce8469c5f4h', 't58206e9c60d8fc36rb60cca0d69f94077p'),
('p0193469b90eecb235585c8ff5588dc10ay', 60, 0, 1, '2021-05-18 12:12:00', 's87156ebd170777f1fdd7wb9752a10e343j', 't58206e9c60d8fc36rb60cca0d69f94077p'),
('p3f2a4adb1072bev48892ae4de3417a257l', 100, 100, 0, '2021-05-18 11:54:40', 'de8b17edd85d825bb2b8c9f93673b1413ug', 't58206e9c60d8fc36rb60cca0d69f94077p'),
('p435332802w630b7d7688641158ba5d0d2u', 13, 0, 1, '2021-05-18 14:07:25', 'fa0idf66c29460af6f2ada20db95dada3es', 't58206e9c60d8fc36rb60cca0d69f94077p'),
('p57e81c3607ba91c2eee435c4dfafabdbez', 100, 100, 0, '2021-05-17 11:27:17', 't4227a843f2bc4f67e028b3c3722403dady', 't58206e9c60d8fc36rb60cca0d69f94077p'),
('p6fc900fce27f6ec408b8c6582ed0c96k8b', 50, 100, 0, '2021-05-17 14:46:58', 'k4c2703bccc3c213ebd1208b25bbj8fb38o', 't58206e9c60d8fc36rb60cca0d69f94077p'),
('p8011a56ddd4ddc25f95a31b93a02f2bedd', 50, 50, 0, '2021-05-18 10:55:58', 'gc7983c00bb298010e4abea98509hfd4d5s', 't58206e9c60d8fc36rb60cca0d69f94077p'),
('p831a750d69974c58a39521efd1e770c11t', 300, 300, 0, '2021-05-18 12:49:37', 'x5373dfbfb6579e3c78ff6250y6e2bac86p', 't58206e9c60d8fc36rb60cca0d69f94077p'),
('p8b7763b5cda8fdb48864d05b90da42798k', 100, 100, 0, '2021-05-17 09:06:45', 'kfe0m4e189be8350f1686f2ee7ff377efaj', 't58206e9c60d8fc36rb60cca0d69f94077p'),
('p9860abq9a263f22060812ed721efa387ci', 20, 20, 0, '2021-05-17 13:22:11', 'a11efc5917319fe89a5le290e419900902f', 't58206e9c60d8fc36rb60cca0d69f94077p'),
('pabc2888d933s3d16d56c015a9fcb484fav', 100, 0, 1, '2021-05-17 08:37:32', 'h2bfd7b0a4aaf3be6241ec31df0z67e1bfo', 't58206e9c60d8fc36rb60cca0d69f94077p'),
('pb2tf161ce7c5999a4429b740524133950z', 60, 0, 1, '2021-05-18 10:25:53', 'oee6008d94f3f24e0s581c878a22c65aa4q', 't58206e9c60d8fc36rb60cca0d69f94077p'),
('pb838fb467fed7ffc809pfb7b534450305b', 240, 240, 0, '2021-05-18 10:06:31', 'y6a4afe82f93d3a2754791f5dreb7a7444y', 't58206e9c60d8fc36rb60cca0d69f94077p'),
('pe24q9b3dc59e9fc4024e4f195f7562982c', 20, 20, 0, '2021-05-18 10:57:06', 'g87ef4d5b5cc6263367df67p3a5bdf03d4y', 't58206e9c60d8fc36rb60cca0d69f94077p'),
('pf3e7694e58cc23c289362ef204c00cas0b', 100, 1000, 0, '2021-05-18 10:35:34', 'ceb89e774c272ae41a1b699fd56e71f773x', 't58206e9c60d8fc36rb60cca0d69f94077p'),
('q02b12dy0e42e1fb90934ec889ddc114a5r', 66, 0, 1, '2021-05-17 09:26:59', 'o8938a0a2683a0abc52cha6761aa97bbc0d', 't58206e9c60d8fc36rb60cca0d69f94077p'),
('q86a297f2f0a2e700dfa6f3f8fgcba8acez', 100, 100, 0, '2021-05-17 12:08:04', 'p0c7bf9aaa0c4af33413ed3702999ebab3e', 't58206e9c60d8fc36rb60cca0d69f94077p'),
('r3c6f48bcbea851361df62ef7c55a5c8ucq', 70, 70, 0, '2021-05-17 09:21:07', 'd1fa4999d5id055b20564a766ae8b5dbc5k', 't58206e9c60d8fc36rb60cca0d69f94077p'),
('r59dbc82df0d64cb1cb8c73ba0050ed2edn', 20, 20, 0, '2021-05-17 12:37:30', 'p0c7bf9aaa0c4af33413ed3702999ebab3e', 't58206e9c60d8fc36rb60cca0d69f94077p'),
('r81817e8f503f566f64v472f9a6c6278efs', 10, 10, 0, '2021-05-18 12:30:45', 'bb257659ebf664336l5a609d9d6c331cfdu', 't58206e9c60d8fc36rb60cca0d69f94077p'),
('r91fc1d9d8ahe71a68009b4abe02a3aac0d', 50, 0, 1, '2021-05-18 12:31:07', 'gc7983c00bb298010e4abea98509hfd4d5s', 't58206e9c60d8fc36rb60cca0d69f94077p'),
('r943203fc0edbee8a3350b35b24de8ca86h', 20, 20, 0, '2021-05-17 13:35:28', 't4227a843f2bc4f67e028b3c3722403dady', 't58206e9c60d8fc36rb60cca0d69f94077p'),
('r9c66a01f0kef551430e621641cc795676o', 50, 50, 0, '2021-05-18 11:49:07', 'gc7983c00bb298010e4abea98509hfd4d5s', 't58206e9c60d8fc36rb60cca0d69f94077p'),
('r9e58d5f65df00f36b16204969b66e8bp7y', 100, 100, 0, '2021-05-18 08:56:12', 'sc34dneea00d3906bd8992f69688b7f405z', 't58206e9c60d8fc36rb60cca0d69f94077p'),
('rb3d5d98717f00d8ad6c47563d169y152bf', 100, 100, 0, '2021-05-17 09:18:21', 'x5373dfbfb6579e3c78ff6250y6e2bac86p', 't58206e9c60d8fc36rb60cca0d69f94077p'),
('rc396e500232703ca22ba7230fb35e496bk', 20, 20, 0, '2021-05-18 12:32:44', 'sa675b0399721z617c635452f6dafa1175y', 't58206e9c60d8fc36rb60cca0d69f94077p'),
('rea38dc7f16l7ac8a603ccfddb6ae6689bq', 46, 0, 1, '2021-05-17 10:54:35', 'e9f375c36fe0855f12b4ax97bc133fd20bj', 't58206e9c60d8fc36rb60cca0d69f94077p'),
('rea41764ree25ea4b485f3dab838d0925fg', 300, 300, 0, '2021-05-17 12:03:19', 'a11efc5917319fe89a5le290e419900902f', 't58206e9c60d8fc36rb60cca0d69f94077p'),
('rfa426cedb5a5582506186fao85c0c461ey', 100, 0, 1, '2021-05-17 13:45:21', 'oc4e04ee8dfd4c6dba9ca2ej7b4aad971ey', 't58206e9c60d8fc36rb60cca0d69f94077p'),
('s290c18a7f156e81c874b5i7d75df08aeds', 60, 60, 0, '2021-05-18 12:07:35', 's87156ebd170777f1fdd7wb9752a10e343j', 't58206e9c60d8fc36rb60cca0d69f94077p'),
('s44fv310031a7d7cec02c69c85d6e8ded8q', 100, 100, 0, '2021-05-18 12:20:11', 'x5373dfbfb6579e3c78ff6250y6e2bac86p', 't58206e9c60d8fc36rb60cca0d69f94077p'),
('s5c542dc76f28e409194130402e80cdka4s', 100, 100, 0, '2021-05-17 09:10:26', 'qcd7ebce10d393ec581111fba3l202a92co', 't58206e9c60d8fc36rb60cca0d69f94077p'),
('s5dd31fbf52f33e258130bc628c139a55et', 100, 100, 0, '2021-05-17 08:54:43', 'o8938a0a2683a0abc52cha6761aa97bbc0d', 't58206e9c60d8fc36rb60cca0d69f94077p'),
('s98bf7eexfa880701be9c8d01bd9c364f0s', 60, 60, 0, '2021-05-18 12:08:40', 'l21e6632725136986092e2f3306262zacdw', 't58206e9c60d8fc36rb60cca0d69f94077p'),
('s9ec35a8322aaek1a84333765e38ddb5fbj', 100, 100, 0, '2021-05-17 13:41:58', 'oc4e04ee8dfd4c6dba9ca2ej7b4aad971ey', 't58206e9c60d8fc36rb60cca0d69f94077p'),
('sa30da13943751819ac4618n8f192e3743v', 100, 500, 0, '2021-05-17 10:48:37', 'y3aabc18da87c501330p5bcde689a33f75n', 't58206e9c60d8fc36rb60cca0d69f94077p'),
('sb3e5544f606269j40b97e944a713e0d88r', 1000, 1000, 0, '2021-05-17 13:30:12', 'k4c2703bccc3c213ebd1208b25bbj8fb38o', 't58206e9c60d8fc36rb60cca0d69f94077p'),
('sd194b33xfaa42aaf810c585cd9a33cf31t', 70, 0, 1, '2021-05-17 10:09:10', 'y6a4afe82f93d3a2754791f5dreb7a7444y', 't58206e9c60d8fc36rb60cca0d69f94077p'),
('sdff6e74c951a127ce926208f9cdac49lcd', 60, 60, 0, '2021-05-18 08:29:11', 'q5f9ee76284da382b22d787466t0e8371fy', 't58206e9c60d8fc36rb60cca0d69f94077p'),
('t1139684649ec9e94l8c1e4475a4546040k', 100, 100, 0, '2021-05-17 11:19:54', 'a11efc5917319fe89a5le290e419900902f', 't58206e9c60d8fc36rb60cca0d69f94077p'),
('t2e01bd8e84sb5f09fa1641cf209df8deaq', 500, 0, 1, '2021-05-17 13:29:37', 'k4c2703bccc3c213ebd1208b25bbj8fb38o', 't58206e9c60d8fc36rb60cca0d69f94077p'),
('t31e434022c4b23afc787c972ei5a97c21z', 100, 100, 0, '2021-05-17 09:49:00', 'a11efc5917319fe89a5le290e419900902f', 't58206e9c60d8fc36rb60cca0d69f94077p'),
('t7865f8zd1d171b7be59d4aec03574c6f7f', 100, 100, 0, '2021-05-17 11:20:35', 'q02aef4318ead747ca49b965e3daf60dewh', 't58206e9c60d8fc36rb60cca0d69f94077p'),
('t7aob9501c580811f9f6a9237d6fceb0efp', 100, 100, 0, '2021-05-17 08:28:17', 'h69870350c2f7283047d43b2f79d8708l3d', 't58206e9c60d8fc36rb60cca0d69f94077p'),
('ta3f8eb2edc79b7dcdff7aide68c59e553z', 33, 0, 1, '2021-05-18 10:28:44', 'o8938a0a2683a0abc52cha6761aa97bbc0d', 't58206e9c60d8fc36rb60cca0d69f94077p'),
('ta9d82badcdd136a88b794d0167r873d63z', 100, 100, 0, '2021-05-17 12:09:49', 'qcd7ebce10d393ec581111fba3l202a92co', 't58206e9c60d8fc36rb60cca0d69f94077p'),
('tap71fcac579097fe3bf3fa13a4d534944g', 13, 13, 0, '2021-05-18 09:35:17', 'g87ef4d5b5cc6263367df67p3a5bdf03d4y', 't58206e9c60d8fc36rb60cca0d69f94077p'),
('tc0b470738ce33e36b3aab99ct40fbebbff', 100, 100, 0, '2021-05-17 09:52:40', 'accb16f33c0a8db161ccd3a61m0882ad63j', 't58206e9c60d8fc36rb60cca0d69f94077p'),
('teci652723ed885ab1364fd15aa0cf432ax', 40, 40, 0, '2021-05-18 10:44:49', 'vc254f3a05n1a7cf4376137ad252c56edfn', 't58206e9c60d8fc36rb60cca0d69f94077p'),
('tf0082a7e9w037b991479a38a9d1303513g', 20, 20, 0, '2021-05-18 09:28:51', 'g87ef4d5b5cc6263367df67p3a5bdf03d4y', 't58206e9c60d8fc36rb60cca0d69f94077p'),
('tf1151a8ecde645f4b82c53bi1df541139u', 500, 1000, 0, '2021-05-17 12:09:18', 'k4c2703bccc3c213ebd1208b25bbj8fb38o', 't58206e9c60d8fc36rb60cca0d69f94077p'),
('u00d66aa50e864b548757a5a0b0bb9dcf7u', 60, 100, 0, '2021-05-18 10:26:18', 'oee6008d94f3f24e0s581c878a22c65aa4q', 't58206e9c60d8fc36rb60cca0d69f94077p'),
('u08afe6fby51b7bd6e0fe370abe1b92c60r', 100, 100, 0, '2021-05-18 09:46:58', 'vc254f3a05n1a7cf4376137ad252c56edfn', 't58206e9c60d8fc36rb60cca0d69f94077p'),
('u23x49198aaf0347c22594dee92e93a710b', 50, 50, 0, '2021-05-17 11:40:21', 'g87ef4d5b5cc6263367df67p3a5bdf03d4y', 't58206e9c60d8fc36rb60cca0d69f94077p'),
('u3bfd479f2v5e2e423902518f32d385f33i', 50, 50, 0, '2021-05-17 13:32:54', 'k4c2703bccc3c213ebd1208b25bbj8fb38o', 't58206e9c60d8fc36rb60cca0d69f94077p'),
('u46712b3bf1cbbcd57vfd99e5504c3d798m', 100, 500, 0, '2021-05-18 11:21:19', 'de8b17edd85d825bb2b8c9f93673b1413ug', 't58206e9c60d8fc36rb60cca0d69f94077p'),
('u51a465704f0dc36bdc376fckba4fea7ecy', 100, 100, 0, '2021-05-17 09:18:44', 'accb16f33c0a8db161ccd3a61m0882ad63j', 't58206e9c60d8fc36rb60cca0d69f94077p'),
('u5f60e8y4397ca419b2f877dccfe6f3abcv', 3, 0, 1, '2021-05-17 12:25:59', 'g83eca2491f85960ad58d741104df9a58cx', 't58206e9c60d8fc36rb60cca0d69f94077p'),
('u708k02913c658f1f5328169f4b6322817h', 200, 200, 0, '2021-05-17 08:57:00', 'h4c1ccce594d70fa42c0b1e1de1eb9cc72c', 't58206e9c60d8fc36rb60cca0d69f94077p'),
('u7a56b398b9ecddb8bcn574e00a27afc58b', 60, 60, 0, '2021-05-18 12:35:54', 'sa675b0399721z617c635452f6dafa1175y', 't58206e9c60d8fc36rb60cca0d69f94077p'),
('u9d9cb86bea29ee3bf5d45587d804cn122t', 200, 1000, 0, '2021-05-17 12:32:20', 'g83eca2491f85960ad58d741104df9a58cx', 't58206e9c60d8fc36rb60cca0d69f94077p'),
('uac87f479896a7d44add821a1cbce83q8cz', 20, 20, 0, '2021-05-18 09:51:35', 'k0d11pd1b3f44083c8c4c328f2d071d9e0r', 't58206e9c60d8fc36rb60cca0d69f94077p'),
('ub46fa3176cb42549fd16x1b8511cda1bbg', 100, 100, 0, '2021-05-17 11:18:38', 'o8938a0a2683a0abc52cha6761aa97bbc0d', 't58206e9c60d8fc36rb60cca0d69f94077p'),
('ub8b16060fa0f7ekc14aa1af312575c6fds', 40, 40, 0, '2021-05-18 08:17:38', 't4227a843f2bc4f67e028b3c3722403dady', 't58206e9c60d8fc36rb60cca0d69f94077p'),
('ub8fa7e0a2a6ddf6e300d5d1fbed7c49c7o', 60, 0, 1, '2021-05-18 12:17:51', 'de8b17edd85d825bb2b8c9f93673b1413ug', 't58206e9c60d8fc36rb60cca0d69f94077p'),
('uca3el0b552de83c59cf7175f67d53f766h', 10, 10, 0, '2021-05-17 10:31:14', 'o8938a0a2683a0abc52cha6761aa97bbc0d', 't58206e9c60d8fc36rb60cca0d69f94077p'),
('ud140d096754edv6e71e46fb864c07e34dq', 10, 10, 0, '2021-05-17 09:14:56', 'x5373dfbfb6579e3c78ff6250y6e2bac86p', 't58206e9c60d8fc36rb60cca0d69f94077p'),
('v0ed7aveb38d208a4d081797bfe76b0cf6m', 60, 60, 0, '2021-05-17 12:57:33', 'a11efc5917319fe89a5le290e419900902f', 't58206e9c60d8fc36rb60cca0d69f94077p'),
('v3c70bb8ba95d36933b2cb304g42a70595i', 5, 0, 1, '2021-05-17 13:22:56', 'g83eca2491f85960ad58d741104df9a58cx', 't58206e9c60d8fc36rb60cca0d69f94077p'),
('v49a70ab61f868dg190dfbcd5ccf56d2a0a', 100, 100, 0, '2021-05-17 08:41:17', 'm6b7f73645d2e969ffb15q448202cbbf7bi', 't58206e9c60d8fc36rb60cca0d69f94077p'),
('v654e7d6e0fcf623557c40ea5f1e634t4cj', 40, 40, 0, '2021-05-17 13:39:24', 'a11efc5917319fe89a5le290e419900902f', 't58206e9c60d8fc36rb60cca0d69f94077p'),
('vb1c5a5f34927l111e15874f34b4640b50h', 100, 100, 0, '2021-05-18 11:58:30', 'k699cf1a3979082d9749fc2d8fe500bb1dj', 't58206e9c60d8fc36rb60cca0d69f94077p'),
('vca87677fa0n159b5ac9d2b8202755e307b', 6, 0, 1, '2021-05-17 11:51:38', 'a11efc5917319fe89a5le290e419900902f', 't58206e9c60d8fc36rb60cca0d69f94077p'),
('vcfel5b2ede7f094fc294a20ed78f13c44d', 40, 40, 0, '2021-05-17 13:40:31', 's8c3j56ff9ca8d18786fc08fae6513d353q', 't58206e9c60d8fc36rb60cca0d69f94077p'),
('vo4c24931c8b68f754b35775313a0abdbdz', 100, 100, 0, '2021-05-18 09:22:14', 'sc34dneea00d3906bd8992f69688b7f405z', 't58206e9c60d8fc36rb60cca0d69f94077p'),
('w0b79ea348f0df6a574771073a2d5b713ew', 20, 100, 0, '2021-05-18 13:33:47', 'fa0idf66c29460af6f2ada20db95dada3es', 't58206e9c60d8fc36rb60cca0d69f94077p'),
('w1394d3ea6249076ceafz0b319a19ba8b0a', 200, 0, 1, '2021-05-17 13:31:35', 'k4c2703bccc3c213ebd1208b25bbj8fb38o', 't58206e9c60d8fc36rb60cca0d69f94077p'),
('w34ac6c786353d8cd8dd708he28bbac613v', 100, 100, 0, '2021-05-17 10:58:26', 'q7925b272m17e4733be325f24efebd0943r', 't58206e9c60d8fc36rb60cca0d69f94077p'),
('w8bc0b80509859801963103b62e1c9adb7p', 100, 100, 0, '2021-05-17 08:43:25', 'o8938a0a2683a0abc52cha6761aa97bbc0d', 't58206e9c60d8fc36rb60cca0d69f94077p'),
('w9effac9c42318810520fc0be34f1j4605w', 100, 100, 0, '2021-05-18 11:39:43', 'g9o970e4cbc61b43716318be81362108d2c', 't58206e9c60d8fc36rb60cca0d69f94077p'),
('wae2551a7ff63739b4e85f58c65d8c2eeku', 30, 30, 0, '2021-05-17 10:40:42', 'z3b25e33e06fad238zdf7f55412ab92aa9r', 't58206e9c60d8fc36rb60cca0d69f94077p'),
('wb35cb6e400866drfc9c79fb2e316fe5b1i', 6, 0, 1, '2021-05-18 11:34:54', 'g9o970e4cbc61b43716318be81362108d2c', 't58206e9c60d8fc36rb60cca0d69f94077p'),
('wf6cd1b8c76bb5e26see616127f17c7d13t', 4, 0, 1, '2021-05-18 12:32:20', 'bb257659ebf664336l5a609d9d6c331cfdu', 't58206e9c60d8fc36rb60cca0d69f94077p'),
('x06b99487b398862f5by93c5097d033087q', 20, 20, 0, '2021-05-17 12:29:50', 'g83eca2491f85960ad58d741104df9a58cx', 't58206e9c60d8fc36rb60cca0d69f94077p'),
('x3232d6db34t463c31842a6e073096cd6bm', 500, 500, 0, '2021-05-17 13:38:36', 'g83eca2491f85960ad58d741104df9a58cx', 't58206e9c60d8fc36rb60cca0d69f94077p'),
('x5be0fc8a62u6b630bd79d4cb1b84a68bae', 100, 100, 0, '2021-05-17 10:59:05', 'h2bfd7b0a4aaf3be6241ec31df0z67e1bfo', 't58206e9c60d8fc36rb60cca0d69f94077p'),
('x683d49789c74bbef1b0775740p892d770w', 20, 0, 1, '2021-05-18 12:39:04', 'k699cf1a3979082d9749fc2d8fe500bb1dj', 't58206e9c60d8fc36rb60cca0d69f94077p'),
('x7d2e15fd3y5804ad6384c6d02ebb5c2d4r', 100, 100, 0, '2021-05-17 11:42:49', 'p0c7bf9aaa0c4af33413ed3702999ebab3e', 't58206e9c60d8fc36rb60cca0d69f94077p'),
('x93369dd7b7e0c9cb693e9bb3bd4f3a5e0y', 400, 400, 0, '2021-05-18 12:30:26', 'f9a1bt70e4f0686afcd7fb84209d34d2e7m', 't58206e9c60d8fc36rb60cca0d69f94077p'),
('x94b15ahd85747f7816a150d955bad70c4u', 25, 100, 0, '2021-05-17 11:04:18', 't4227a843f2bc4f67e028b3c3722403dady', 't58206e9c60d8fc36rb60cca0d69f94077p'),
('xb209d68289fe49x8ad0c05910ddab4390l', 50, 100, 0, '2021-05-18 10:55:33', 'vc254f3a05n1a7cf4376137ad252c56edfn', 't58206e9c60d8fc36rb60cca0d69f94077p'),
('xbc52b8fd39cd249b4b4afbaa3fbn4de13w', 200, 200, 0, '2021-05-18 12:00:35', 'v4e01f2a70bdk195054b7e0633f5359221p', 't58206e9c60d8fc36rb60cca0d69f94077p'),
('xca3630e3931981bfaa3b5e189f410b8e9c', 100, 100, 0, '2021-05-18 12:01:33', 'ee6c7caa1a57d08b75493196f45049f4t5r', 't58206e9c60d8fc36rb60cca0d69f94077p'),
('xe2a3136e6e0f2e162528a53aeea7090eco', 25, 0, 1, '2021-05-17 10:41:46', 'vc254f3a05n1a7cf4376137ad252c56edfn', 't58206e9c60d8fc36rb60cca0d69f94077p'),
('xea15343b3d62b9782b9z33440e84e4fe5m', 100, 100, 0, '2021-05-18 10:13:56', 'oc4e04ee8dfd4c6dba9ca2ej7b4aad971ey', 't58206e9c60d8fc36rb60cca0d69f94077p'),
('y0afd6399b537b3fd0am67005db7df1832a', 100, 100, 0, '2021-05-18 09:14:57', 'h84265e4pc45c5f3a276d46e8b8aa782d5v', 't58206e9c60d8fc36rb60cca0d69f94077p'),
('y173eed71ae727131f6b50e072a5ed8802d', 20, 0, 1, '2021-05-18 12:43:35', 'qcd7ebce10d393ec581111fba3l202a92co', 't58206e9c60d8fc36rb60cca0d69f94077p'),
('y65ad3lb510c4628d91942c9178855d532b', 86, 0, 1, '2021-05-17 12:20:43', 'p0c7bf9aaa0c4af33413ed3702999ebab3e', 't58206e9c60d8fc36rb60cca0d69f94077p'),
('y767365cfedeb8p7674c15ffef334e4375a', 40, 40, 0, '2021-05-17 12:15:16', 'g83eca2491f85960ad58d741104df9a58cx', 't58206e9c60d8fc36rb60cca0d69f94077p'),
('y8ecf4b53f731c3774e159d12c2az1ab7fk', 100, 1000, 0, '2021-05-17 10:22:28', 't4227a843f2bc4f67e028b3c3722403dady', 't58206e9c60d8fc36rb60cca0d69f94077p'),
('ybb144822ee54a2m90daed7c489f229e37c', 40, 40, 0, '2021-05-18 13:35:10', 'y6a4afe82f93d3a2754791f5dreb7a7444y', 't58206e9c60d8fc36rb60cca0d69f94077p'),
('yc85536dx7a33af40acbca34a255426010t', 25, 25, 0, '2021-05-17 11:06:29', 'o8938a0a2683a0abc52cha6761aa97bbc0d', 't58206e9c60d8fc36rb60cca0d69f94077p'),
('ydeea5f53f69bi12210cb347a0e5b8edd2b', 20, 20, 0, '2021-05-17 11:07:21', 'z3b25e33e06fad238zdf7f55412ab92aa9r', 't58206e9c60d8fc36rb60cca0d69f94077p'),
('yfe6f94332s6bc1e8738cd63657718c7dbp', 100, 100, 0, '2021-05-18 08:10:20', 'bb257659ebf664336l5a609d9d6c331cfdu', 't58206e9c60d8fc36rb60cca0d69f94077p'),
('z04a42ea4dbc82230c9deq7b90ff83523db', 53, 0, 1, '2021-05-18 09:16:50', 'sc34dneea00d3906bd8992f69688b7f405z', 't58206e9c60d8fc36rb60cca0d69f94077p'),
('z06f0d5aeg8e44e80c53df3d409a5441faq', 100, 100, 0, '2021-05-17 09:48:44', 'y6a4afe82f93d3a2754791f5dreb7a7444y', 't58206e9c60d8fc36rb60cca0d69f94077p'),
('z0c587439eu2f41f523cdb321ad8c77f71u', 100, 100, 0, '2021-05-18 12:01:58', 'fa0idf66c29460af6f2ada20db95dada3es', 't58206e9c60d8fc36rb60cca0d69f94077p'),
('z2eb48683330f1378be35985dd9b4ud6eai', 100, 100, 0, '2021-05-18 12:00:57', 'f1c960cw8c50ccf5773ce4c797bc0bb0cas', 't58206e9c60d8fc36rb60cca0d69f94077p'),
('z349bo815d83145dd94af46da9e6609746i', 18, 18, 0, '2021-05-18 07:46:14', 'g87ef4d5b5cc6263367df67p3a5bdf03d4y', 't58206e9c60d8fc36rb60cca0d69f94077p'),
('z597be74ed64efed87fbd8666e5790cf72w', 15, 0, 1, '2021-05-17 12:09:03', 'k4c2703bccc3c213ebd1208b25bbj8fb38o', 't58206e9c60d8fc36rb60cca0d69f94077p'),
('z753ac0cc83db7467pc20b255333ad6f39q', 25, 25, 0, '2021-05-17 15:08:46', 't4227a843f2bc4f67e028b3c3722403dady', 't58206e9c60d8fc36rb60cca0d69f94077p'),
('z897a8c9cd411392d44e0987340917e63gr', 300, 500, 0, '2021-05-18 11:56:54', 'vd9f04ecff2afc357b9354df100cabe18ec', 't58206e9c60d8fc36rb60cca0d69f94077p'),
('z8ad749e07fed72a78a60a7eef706ef983g', 40, 40, 0, '2021-05-17 09:41:34', 'x5373dfbfb6579e3c78ff6250y6e2bac86p', 't58206e9c60d8fc36rb60cca0d69f94077p'),
('za123d69ba4283cf1708a32d6b44a9of9au', 40, 40, 0, '2021-05-17 10:13:45', 'y6a4afe82f93d3a2754791f5dreb7a7444y', 't58206e9c60d8fc36rb60cca0d69f94077p'),
('zb0ba650039va5e92e85678099f3510435o', 65, 65, 0, '2021-05-17 14:26:03', 'g87ef4d5b5cc6263367df67p3a5bdf03d4y', 't58206e9c60d8fc36rb60cca0d69f94077p'),
('zbfb00ef67587201ee4bcc01cff213a592p', 100, 100, 0, '2021-05-17 09:48:29', 'o8938a0a2683a0abc52cha6761aa97bbc0d', 't58206e9c60d8fc36rb60cca0d69f94077p'),
('zc64880751f3daa23eba17255a2900c4a1a', 100, 1000, 0, '2021-05-17 13:02:08', 'oee6008d94f3f24e0s581c878a22c65aa4q', 't58206e9c60d8fc36rb60cca0d69f94077p'),
('zf960716tb8ec2573c21c43d89555a4f52c', 70, 0, 1, '2021-05-17 11:26:58', 't4227a843f2bc4f67e028b3c3722403dady', 't58206e9c60d8fc36rb60cca0d69f94077p');

-- --------------------------------------------------------

--
-- Table structure for table `freedom_page`
--

CREATE TABLE `freedom_page` (
  `id_page` int(11) NOT NULL,
  `name_th` varchar(100) NOT NULL,
  `name_en` varchar(100) DEFAULT NULL,
  `text_th` text DEFAULT NULL,
  `text_en` text DEFAULT NULL,
  `id_link` int(11) DEFAULT NULL,
  `create_id` varchar(35) NOT NULL,
  `create_datetime` datetime(6) NOT NULL,
  `update_id` varchar(35) DEFAULT NULL,
  `update_datetime` datetime(6) DEFAULT NULL,
  `delete_datetime` datetime DEFAULT NULL
) ENGINE=InnoDB DEFAULT CHARSET=utf8;

-- --------------------------------------------------------

--
-- Table structure for table `froala_uploads`
--

CREATE TABLE `froala_uploads` (
  `id_uploads` int(11) NOT NULL,
  `name_uploads` varchar(100) NOT NULL,
  `link_uploads` varchar(100) NOT NULL,
  `img_path` varchar(100) NOT NULL
) ENGINE=InnoDB DEFAULT CHARSET=utf8;

-- --------------------------------------------------------

--
-- Table structure for table `heading`
--

CREATE TABLE `heading` (
  `id_heading` int(11) NOT NULL,
  `tag` varchar(100) NOT NULL,
  `name_th` varchar(255) NOT NULL,
  `name_en` varchar(255) NOT NULL,
  `description_th` text DEFAULT NULL,
  `description_en` text DEFAULT NULL,
  `image` varchar(100) DEFAULT NULL,
  `directory` varchar(100) DEFAULT NULL,
  `create_id` varchar(35) NOT NULL,
  `create_datetime` datetime(6) NOT NULL,
  `update_id` varchar(35) DEFAULT NULL,
  `update_datetime` datetime(6) DEFAULT NULL,
  `delete_datetime` datetime DEFAULT NULL
) ENGINE=InnoDB DEFAULT CHARSET=utf8;

-- --------------------------------------------------------

--
-- Table structure for table `history_payment_shop`
--

CREATE TABLE `history_payment_shop` (
  `id_history_pay` varchar(35) NOT NULL,
  `id_customer` varchar(35) NOT NULL,
  `amount` int(11) NOT NULL,
  `card_number` varchar(18) NOT NULL,
  `id_catagory` varchar(100) NOT NULL,
  `create_datetime` datetime NOT NULL,
  `percent_customer` int(11) NOT NULL DEFAULT 0,
  `date_action` date NOT NULL
) ENGINE=InnoDB DEFAULT CHARSET=utf8;

--
-- Dumping data for table `history_payment_shop`
--

INSERT INTO `history_payment_shop` (`id_history_pay`, `id_customer`, `amount`, `card_number`, `id_catagory`, `create_datetime`, `percent_customer`, `date_action`) VALUES
('a10114d731c5xf2316340130e362631cc2j', 'b0641f4e53a5a390104ec2d4ee31dr08b3l', 35, '000207867503147059', '1', '2021-05-17 10:38:28', 0, '2021-05-17'),
('a48ea63a6b6a3d9d313fe5896dce21ex1cc', 'e91134133c6eedabfk63063cffd6363f8bu', 25, '000195895402958410', '1', '2021-05-18 12:10:23', 5, '2021-05-18'),
('a4c2126ed11389bd9h91ca3b1d6a4986ccs', 'e91134133c6eedabfk63063cffd6363f8bu', 7, '000209038303158767', '1', '2021-05-17 09:54:34', 0, '2021-05-17'),
('a5362dc1c9debf858e0983748d0fef68b7a', 'f5578k0721defa727e7d3c7113d91bb472x', 30, '000202517803059098', '2', '2021-05-18 14:40:41', 66, '2021-05-18'),
('a5efb6e51054118i3102e2bdff41c5e5bcy', 'lt75f06e4896b4e641dcdaf45b954a7ae2h', 20, '000199085403024774', '1', '2021-05-18 09:29:43', 5, '2021-05-18'),
('a6b3820de15668a857a5e7175ebfbxdca8i', 'e91134133c6eedabfk63063cffd6363f8bu', 7, '000199085403024774', '1', '2021-05-18 10:08:50', 0, '2021-05-18'),
('a7a723746877d4267b98715f326f63f7c3p', 'e91134133c6eedabfk63063cffd6363f8bu', 10, '000209260103160985', '1', '2021-05-18 12:11:32', 5, '2021-05-18'),
('a7f137e8606659b660ct584cd815fbbc8bs', 'e91134133c6eedabfk63063cffd6363f8bu', 10, '000199509303029013', '1', '2021-05-17 09:49:15', 0, '2021-05-17'),
('a7fe70ba215c87a6c4ef1a7dbb1p28d425i', 'g0a042835aefc5f7b4ae33ede6j30ba87cw', 36, '000201690903050829', '1', '2021-05-18 12:35:24', 5, '2021-05-18'),
('ab370615c6f3j049e288a72721c6f7dde1n', 'e91134133c6eedabfk63063cffd6363f8bu', 14, '000211682803219676', '1', '2021-05-17 11:21:38', 0, '2021-05-17'),
('ab4fcc5b22a5f9c4bb46d43de6aa8akc87e', 'vda8fda29bc5f349eb28df867sce70df1an', 20, '000201690903050829', '1', '2021-05-18 12:29:53', 5, '2021-05-18'),
('ab8b7c921e0ee275o49560333db1fbec0dq', 'e91134133c6eedabfk63063cffd6363f8bu', 20, '000211682803219676', '1', '2021-05-17 13:37:31', 0, '2021-05-17'),
('ac13edf97906a81ad1357b19adq0aec186v', 'vda8fda29bc5f349eb28df867sce70df1an', 40, '000209038303158767', '1', '2021-05-17 09:56:22', 0, '2021-05-17'),
('ad95c5ba74fl3c93038eccc9ed54eafec6p', 'vda8fda29bc5f349eb28df867sce70df1an', 20, '000208122803149612', '1', '2021-05-18 10:38:51', 5, '2021-05-18'),
('ae01950d94abd736fdb210b6e31cu3f1f6h', 'e91134133c6eedabfk63063cffd6363f8bu', 25, '000087159601319628', '1', '2021-05-17 10:55:37', 0, '2021-05-17'),
('af4526aeee53f38cfdfdfb8684cb0bc7a9h', 'e91134133c6eedabfk63063cffd6363f8bu', 10, '000068158201026222', '1', '2021-05-17 13:33:45', 0, '2021-05-17'),
('afefic5b3b6d896c34a7cdbb28d21827d5s', 'lt75f06e4896b4e641dcdaf45b954a7ae2h', 15, '000198113403015054', '1', '2021-05-18 13:10:59', 5, '2021-05-18'),
('anb3b393135392512d7c3de4adabf6c3c0l', 'e91134133c6eedabfk63063cffd6363f8bu', 25, '000133797702027257', '1', '2021-05-17 09:25:46', 0, '2021-05-17'),
('b16364cb3e7ea9e731a94cb3356cd27f09i', 'e91134133c6eedabfk63063cffd6363f8bu', 10, '000211578703218635', '1', '2021-05-18 09:15:40', 0, '2021-05-18'),
('b174ed3e7bbbb9lc29957d20965154f802w', 'el7c05cfe5c562887817201caf8b34440di', 40, '000199600403029924', '1', '2021-05-18 09:02:21', 5, '2021-05-18'),
('b1aa869172528f5cfr39df72eef6af88f5n', 'vda8fda29bc5f349eb28df867sce70df1an', 40, '000087159601319628', '1', '2021-05-17 10:59:55', 0, '2021-05-17'),
('b2949eab3e8fd499a2c40c2dsd9edd230dk', 'vda8fda29bc5f349eb28df867sce70df1an', 10, '000087159601319628', '1', '2021-05-17 10:19:02', 0, '2021-05-17'),
('b2cc8ds35f07baa3032cd9f9a0b5da0c5co', 'b0641f4e53a5a390104ec2d4ee31dr08b3l', 70, '000197511403009034', '1', '2021-05-17 09:10:09', 0, '2021-05-17'),
('b7b28727b8fe7951688fj1cf6f43005e10j', 'e91134133c6eedabfk63063cffd6363f8bu', 25, '000208540803153792', '1', '2021-05-18 14:11:33', 5, '2021-05-18'),
('ba29bf2je38e1e3242b620e333eb1ca687f', 'e91134133c6eedabfk63063cffd6363f8bu', 7, '000134964802038928', '1', '2021-05-18 08:08:34', 0, '2021-05-18'),
('bdf9f3db99d8d57026ec9e2b0178e760edc', 'vda8fda29bc5f349eb28df867sce70df1an', 60, '000207865803147042', '1', '2021-05-18 12:27:54', 5, '2021-05-18'),
('be0bd002z7217dd1d86b526568a90b080et', 'e91134133c6eedabfk63063cffd6363f8bu', 25, '000207867503147059', '1', '2021-05-17 15:10:32', 0, '2021-05-17'),
('be8f030e252cdd3754c8a9b6e9c82m91f7x', 'g0a042835aefc5f7b4ae33ede6j30ba87cw', 60, '000208914803157532', '1', '2021-05-18 12:13:51', 5, '2021-05-18'),
('bl6f159914f56cd414fd5cccee9b4e0dd6s', 'el7c05cfe5c562887817201caf8b34440di', 40, '000199085403024774', '1', '2021-05-18 12:18:35', 5, '2021-05-18'),
('bufdaecb18236b8261e4b0604295fd383at', 'el7c05cfe5c562887817201caf8b34440di', 30, '000070273301047373', '1', '2021-05-18 12:02:25', 5, '2021-05-18'),
('c0bff198l6497f79902481048e51979974u', 'b0641f4e53a5a390104ec2d4ee31dr08b3l', 35, '000208122803149612', '1', '2021-05-17 09:15:15', 0, '2021-05-17'),
('c0epa072f5bea81767708384e4f2208303d', 'e91134133c6eedabfk63063cffd6363f8bu', 20, '000002864200028642', '1', '2021-05-18 10:52:14', 5, '2021-05-18'),
('c5ad7a119eedc6185ad503ep6c57aaa79fy', 'vda8fda29bc5f349eb28df867sce70df1an', 20, '000196685203000772', '1', '2021-05-18 13:22:11', 5, '2021-05-18'),
('c5c1ee7c48840b03155a44f5f0y170e2fdw', 'g0a042835aefc5f7b4ae33ede6j30ba87cw', 60, '000134722402036504', '1', '2021-05-17 13:26:08', 0, '2021-05-17'),
('c5e60e0ff65f07d7de440ce32fe14j6f00e', 'e91134133c6eedabfk63063cffd6363f8bu', 25, '000198113403015054', '1', '2021-05-18 13:09:19', 5, '2021-05-18'),
('c6a642880ad103bb94734d3846624s2ff7h', 'x2f6be3ba0bb1f808au0d2f6de9b89ee7bw', 200, '000211682803219676', '2', '2021-05-17 15:01:07', 50, '2021-05-17'),
('c87488t6da2c9b0ff140fe727f1e1c4a07w', 'e91134133c6eedabfk63063cffd6363f8bu', 7, '000207867503147059', '1', '2021-05-17 10:51:20', 0, '2021-05-17'),
('caaf4950e012efbcba016de6a76e0388a4w', 'e91134133c6eedabfk63063cffd6363f8bu', 7, '000199085403024774', '1', '2021-05-18 10:28:08', 5, '2021-05-18'),
('cb217df4dfd7c4267ea6af00889e1a54cue', 'e91134133c6eedabfk63063cffd6363f8bu', 10, '000212738603230234', '1', '2021-05-17 11:43:20', 0, '2021-05-17'),
('cb2c6aa257i35985b71301417c289bb7a7g', 'e91134133c6eedabfk63063cffd6363f8bu', 27, '000134722402036504', '1', '2021-05-17 12:19:35', 0, '2021-05-17'),
('cceb64bdaa495d67def5b83579cd0750c6r', 'el7c05cfe5c562887817201caf8b34440di', 80, '000195895402958410', '1', '2021-05-18 09:02:48', 5, '2021-05-18'),
('cd46c983cb62f1ff3aca1ef3985f311548z', 'b0641f4e53a5a390104ec2d4ee31dr08b3l', 35, '000199085403024774', '1', '2021-05-17 10:39:18', 0, '2021-05-17'),
('cec44ec83e65cc743fc0bf5e7dba52hee9u', 'e91134133c6eedabfk63063cffd6363f8bu', 25, '000197906303012983', '1', '2021-05-18 09:56:02', 0, '2021-05-18'),
('cev1e92482e81436e3389da15e38056595y', 'e91134133c6eedabfk63063cffd6363f8bu', 20, '000067514301019783', '1', '2021-05-17 11:03:10', 0, '2021-05-17'),
('d0b9e9f9bc384c83e36fd25e13ce783908r', 'b0641f4e53a5a390104ec2d4ee31dr08b3l', 60, '000208122803149612', '1', '2021-05-17 08:47:20', 0, '2021-05-17'),
('d28a6b9042a3b5ae7bf83787074q3307d0g', 'el7c05cfe5c562887817201caf8b34440di', 30, '000135801202047292', '1', '2021-05-18 09:07:31', 5, '2021-05-18'),
('d29e8024b1192cxc0fc4f033a01fd5375de', 'e91134133c6eedabfk63063cffd6363f8bu', 10, '000199085403024774', '1', '2021-05-18 12:37:32', 5, '2021-05-18'),
('d53bceaa02cf04ed6ca758748b1ef8c8ewy', 'e91134133c6eedabfk63063cffd6363f8bu', 10, '000070273301047373', '1', '2021-05-18 11:55:49', 5, '2021-05-18'),
('d64227fdd77fdf7b32ey0417abac9505e2z', 'e91134133c6eedabfk63063cffd6363f8bu', 7, '000199509303029013', '1', '2021-05-17 10:30:35', 0, '2021-05-17'),
('d68hacef49e7f9e5b45e71bb94af92f81bo', 'e91134133c6eedabfk63063cffd6363f8bu', 25, '000207867503147059', '1', '2021-05-17 13:28:29', 0, '2021-05-17'),
('d7h9e54585a27ff560c70cc69730f0742dc', 'e91134133c6eedabfk63063cffd6363f8bu', 14, '000208122803149612', '1', '2021-05-17 08:55:06', 0, '2021-05-17'),
('d96d3c9cc299bc4erb24851cd552b6c8f3b', 'e91134133c6eedabfk63063cffd6363f8bu', 10, '000211578703218635', '1', '2021-05-18 12:38:41', 5, '2021-05-18'),
('daadbc7810037ec11b7594d7edp3d5781dx', 'g0a042835aefc5f7b4ae33ede6j30ba87cw', 800, '000002214000022140', '1', '2021-05-17 13:30:57', 0, '2021-05-17'),
('de51a514463b06b4c79e102c3c00l4862fk', 'el7c05cfe5c562887817201caf8b34440di', 40, '000207865803147042', '1', '2021-05-17 09:24:16', 0, '2021-05-17'),
('defdc84544b65ac8a681f27769d8ar7e5bq', 'e91134133c6eedabfk63063cffd6363f8bu', 20, '000212738603230234', '1', '2021-05-17 13:05:16', 0, '2021-05-17'),
('dfc9258900aeem3c95123d335ea10d10f5v', 'f5578k0721defa727e7d3c7113d91bb472x', 30, '000134722402036504', '2', '2021-05-18 10:51:08', 66, '2021-05-18'),
('e08526859d8e929d2344817eec3ka09bf9a', 'me71b63cc7ca6dbc4bbf5487f70002ab74g', 5, '000210126803204116', '1', '2021-05-18 10:08:06', 0, '2021-05-18'),
('e36dc08ad7c73f1b1c5c981d55e1fd5de6q', 'e91134133c6eedabfk63063cffd6363f8bu', 17, '000134722402036504', '1', '2021-05-17 13:04:03', 0, '2021-05-17'),
('e69bb7fc26979d64ceaa51v78bd45da538e', 'vda8fda29bc5f349eb28df867sce70df1an', 20, '000196818603002106', '1', '2021-05-18 13:11:56', 5, '2021-05-18'),
('e7ba04a3843ed546f29633fa03480d6407p', 'vda8fda29bc5f349eb28df867sce70df1an', 40, '000198095503014875', '1', '2021-05-18 13:59:39', 5, '2021-05-18'),
('e7f1b7a38026cb64fea1cdd206b6429424g', 'e91134133c6eedabfk63063cffd6363f8bu', 7, '000228812303459899', '1', '2021-05-17 15:10:06', 0, '2021-05-17'),
('e7f9bey1cedc65186d7e4097d6f0f76ee8u', 'b0641f4e53a5a390104ec2d4ee31dr08b3l', 40, '000067514301019783', '1', '2021-05-17 10:49:08', 0, '2021-05-17'),
('e83md23b140198207e480197672403c6faf', 'e91134133c6eedabfk63063cffd6363f8bu', 7, '000210772003210568', '1', '2021-05-17 09:26:50', 0, '2021-05-17'),
('e9fb4705df748d76b2477e0bfbfp0271b3w', 'el7c05cfe5c562887817201caf8b34440di', 30, '000212385803226706', '1', '2021-05-17 10:43:02', 0, '2021-05-17'),
('ebe33f321f38ad90d43bc9a63m76c1f129s', 'lt75f06e4896b4e641dcdaf45b954a7ae2h', 30, '000006681700101281', '1', '2021-05-18 09:31:16', 5, '2021-05-18'),
('ec97dc8d739u00ec47d8e22b375af87ebcd', 'b0641f4e53a5a390104ec2d4ee31dr08b3l', 35, '000197511403009034', '1', '2021-05-17 09:12:29', 0, '2021-05-17'),
('ee9d1d31e0lf038b4eaeac589957f24cfad', 'e91134133c6eedabfk63063cffd6363f8bu', 5, '000201690903050829', '1', '2021-05-18 12:45:09', 5, '2021-05-18'),
('f2f5f4e07fcoff4a4fd80319e20da78190h', 'el7c05cfe5c562887817201caf8b34440di', 30, '000081103901224607', '1', '2021-05-17 08:57:53', 0, '2021-05-17'),
('f38f98394f96397f315a17c33eb56fwd0dj', 'e91134133c6eedabfk63063cffd6363f8bu', 25, '000200977803043698', '1', '2021-05-18 12:07:02', 5, '2021-05-18'),
('f3b14f046749b8b45ba4a7f2067e0e5c3au', 'heeaa42206395ebcdadf44a5e4fa75fc99f', 20, '000220021903337531', '1', '2021-05-18 09:18:25', 0, '2021-05-18'),
('f41516c6556f1a42hae826f77ea2d74969w', 'e91134133c6eedabfk63063cffd6363f8bu', 20, '000002562700025627', '1', '2021-05-18 12:33:06', 5, '2021-05-18'),
('f48366127af31dc9474f97bfc761o927dfa', 'e91134133c6eedabfk63063cffd6363f8bu', 20, '000211682803219676', '1', '2021-05-17 10:47:49', 0, '2021-05-17'),
('f5c54f7d34861b42a66a76c9f68e78ef3eg', 'e91134133c6eedabfk63063cffd6363f8bu', 25, '000002562700025627', '1', '2021-05-18 12:02:39', 5, '2021-05-18'),
('f69e65e98a4e913312eecg377b1a92171bd', 'e91134133c6eedabfk63063cffd6363f8bu', 10, '000198113403015054', '1', '2021-05-18 12:32:39', 5, '2021-05-18'),
('f80d4474a3e0b1d38b94yc93f80890e020z', 'e91134133c6eedabfk63063cffd6363f8bu', 40, '000195895402958410', '1', '2021-05-18 09:20:30', 0, '2021-05-18'),
('f86f9b3d6fba898352530f941ak00c2a08d', 'e91134133c6eedabfk63063cffd6363f8bu', 40, '000198113403015054', '1', '2021-05-18 10:57:25', 5, '2021-05-18'),
('f8cdc6f0f89d15ad3i211f1e594576718ap', 'el7c05cfe5c562887817201caf8b34440di', 40, '000195895402958410', '1', '2021-05-18 12:50:46', 5, '2021-05-18'),
('f9f343093a8b69582391ff87fqe161a304a', 'vda8fda29bc5f349eb28df867sce70df1an', 20, '000135801202047292', '1', '2021-05-18 09:32:59', 5, '2021-05-18'),
('far2ffa32e6ddd85770680327bed224f5fp', 'e91134133c6eedabfk63063cffd6363f8bu', 10, '000208122803149612', '1', '2021-05-17 09:17:33', 0, '2021-05-17'),
('fb49dbcf7d0a9ac8fb4eddb310346c716dw', 'e91134133c6eedabfk63063cffd6363f8bu', 7, '000081103901224607', '1', '2021-05-17 08:43:09', 0, '2021-05-17'),
('fbu640709d1b41bbe0097bc64d50f1998fp', 'lt75f06e4896b4e641dcdaf45b954a7ae2h', 60, '000199509303029013', '1', '2021-05-18 13:20:01', 5, '2021-05-18'),
('fce445de5016d918342a0fdad6c625l00cf', 'e91134133c6eedabfk63063cffd6363f8bu', 25, '000212738603230234', '1', '2021-05-17 12:57:32', 0, '2021-05-17'),
('g0a05a7ec9m9c49e424f27059d4016ce8fs', 'g0a042835aefc5f7b4ae33ede6j30ba87cw', 10, '000198113403015054', '1', '2021-05-18 12:48:04', 5, '2021-05-18'),
('g41b4914a119c1a2fef1fc8b71i4208662y', 'el7c05cfe5c562887817201caf8b34440di', 30, '000207867503147059', '1', '2021-05-17 11:13:11', 0, '2021-05-17'),
('g7k134322600f18180cb27c838c8b1a5a1f', 'e91134133c6eedabfk63063cffd6363f8bu', 20, '000197511403009034', '1', '2021-05-18 11:51:46', 5, '2021-05-18'),
('g8d94e2bdb16d24j120ad3634d671f8c2au', 'el7c05cfe5c562887817201caf8b34440di', 50, '000206461103132995', '1', '2021-05-18 12:05:48', 5, '2021-05-18'),
('gb6a7db16061250aad48e0b81a9a3955h9l', 'g0a042835aefc5f7b4ae33ede6j30ba87cw', 70, '000198471003018630', '1', '2021-05-18 12:23:28', 5, '2021-05-18'),
('gd8ee36efb8249b95afc5k7ce0db8c9c1dj', 'heeaa42206395ebcdadf44a5e4fa75fc99f', 1, '000138235502106099', '1', '2021-05-18 14:03:30', 0, '2021-05-18'),
('gd9499tcadb79ee19096ffc97cefa05fd1g', 'e91134133c6eedabfk63063cffd6363f8bu', 25, '000006651900100983', '1', '2021-05-17 11:26:21', 0, '2021-05-17'),
('h20049ee12ca043ebe7413e259cb0a507au', 'el7c05cfe5c562887817201caf8b34440di', 30, '000212738603230234', '1', '2021-05-18 10:05:55', 5, '2021-05-18'),
('h3d63560120azc0c7c7522e33d2001e6a4y', 'e91134133c6eedabfk63063cffd6363f8bu', 10, '000199085403024774', '1', '2021-05-18 11:58:48', 5, '2021-05-18'),
('h4804835m7cda673a6c98e2215a08a5476i', 'lt75f06e4896b4e641dcdaf45b954a7ae2h', 30, '000208540803153792', '1', '2021-05-18 11:07:47', 5, '2021-05-18'),
('h567b86f6h085c9586702e56c76dfd1e77b', 'b0641f4e53a5a390104ec2d4ee31dr08b3l', 35, '000002214000022140', '1', '2021-05-17 09:03:08', 0, '2021-05-17'),
('h628331ed3570b005766be2de2e8a8fj57u', 'el7c05cfe5c562887817201caf8b34440di', 60, '000220021903337531', '1', '2021-05-18 13:34:30', 5, '2021-05-18'),
('h769ae1c926b11522fj8b4ca8e32ca6b14a', 'lt75f06e4896b4e641dcdaf45b954a7ae2h', 50, '000208122803149612', '1', '2021-05-18 10:42:26', 5, '2021-05-18'),
('h8205zf99a836bf5be8c1c75bbed2f44a9u', 'e91134133c6eedabfk63063cffd6363f8bu', 20, '000209260103160985', '1', '2021-05-18 12:07:17', 5, '2021-05-18'),
('hb018f8fbba7a128f46d54d1dcf6c826cai', 'lt75f06e4896b4e641dcdaf45b954a7ae2h', 90, '000209038303158767', '1', '2021-05-18 09:29:27', 5, '2021-05-18'),
('hb9c0179e32b14ca4ec16368943dbd54y6d', 'f5578k0721defa727e7d3c7113d91bb472x', 30, '000228838203460158', '2', '2021-05-18 12:04:26', 66, '2021-05-18'),
('hd1eb82f6c0d31277bbc501c70f54decdfu', 'vda8fda29bc5f349eb28df867sce70df1an', 20, '000220021903337531', '1', '2021-05-17 12:30:10', 0, '2021-05-17'),
('he5b254758aa9725a1bab41474fe0562c6x', 'e91134133c6eedabfk63063cffd6363f8bu', 35, '000220021903337531', '1', '2021-05-17 13:22:15', 0, '2021-05-17'),
('hfccfa89b9gd5bb7ec8513373abd68b2adp', 'vda8fda29bc5f349eb28df867sce70df1an', 20, '000198095503014875', '1', '2021-05-18 13:01:54', 5, '2021-05-18'),
('i063231420e643226345121k1500912114n', 'e91134133c6eedabfk63063cffd6363f8bu', 7, '000198113403015054', '1', '2021-05-18 07:47:05', 0, '2021-05-18'),
('i11c1c9zd2a4e678aa23a94d562f0df7f5r', 'e91134133c6eedabfk63063cffd6363f8bu', 10, '000068158201026222', '1', '2021-05-17 08:38:18', 0, '2021-05-17'),
('i2f8f2c9efs0dc8878dedbc0f0aa3e8676l', 'vda8fda29bc5f349eb28df867sce70df1an', 60, '000198095503014875', '1', '2021-05-18 13:58:13', 5, '2021-05-18'),
('i3613327c4a82e9143fd98ba04dbd6ak8ba', 'e91134133c6eedabfk63063cffd6363f8bu', 10, '000068158201026222', '1', '2021-05-17 10:33:32', 0, '2021-05-17'),
('i3c2378903c97e7391bc780e9424c8u125q', 'vda8fda29bc5f349eb28df867sce70df1an', 20, '000006651900100983', '1', '2021-05-17 10:01:08', 0, '2021-05-17'),
('i40e0fed025082772ef05dfba15b44b13do', 'e91134133c6eedabfk63063cffd6363f8bu', 14, '000212738603230234', '1', '2021-05-18 10:05:14', 0, '2021-05-18'),
('i424beb599b8ba8ae5760953p288ba0421x', 'el7c05cfe5c562887817201caf8b34440di', 30, '000198095503014875', '1', '2021-05-18 12:06:49', 5, '2021-05-18'),
('i5e60f5c7f93ea4d644ac3f2c7bf6d2899g', 'e91134133c6eedabfk63063cffd6363f8bu', 7, '000199600403029924', '1', '2021-05-18 09:15:52', 0, '2021-05-18'),
('i707987bfd1a15ce475d4b1be2d583877cl', 'el7c05cfe5c562887817201caf8b34440di', 40, '000208272303151107', '1', '2021-05-18 09:26:16', 5, '2021-05-18'),
('i79d25d41de1635932d9f0rd75ac0fa320x', 'me71b63cc7ca6dbc4bbf5487f70002ab74g', 48, '000202517803059098', '1', '2021-05-18 12:00:29', 0, '2021-05-18'),
('i88eda8ea8e6043c20a8559ua00e959a5dr', 'lt75f06e4896b4e641dcdaf45b954a7ae2h', 100, '000197906303012983', '1', '2021-05-18 09:30:00', 5, '2021-05-18'),
('i8c0b41c1be26e3f0da1fbec9def7364a9p', 'el7c05cfe5c562887817201caf8b34440di', 30, '000068166201026302', '1', '2021-05-18 10:39:53', 5, '2021-05-18'),
('i8y1bb789c472a2b1ecc77dc5139b89173t', 'g0a042835aefc5f7b4ae33ede6j30ba87cw', 40, '000228812303459899', '1', '2021-05-17 13:37:17', 0, '2021-05-17'),
('ia5b1c8cfc906421c7bba6a1793aa7e97fe', 'el7c05cfe5c562887817201caf8b34440di', 50, '000209543503163819', '1', '2021-05-18 12:20:40', 5, '2021-05-18'),
('id7eae3ad28d98eb0e2076f3f6714j4ff4c', 'b0641f4e53a5a390104ec2d4ee31dr08b3l', 5, '000209315703161541', '1', '2021-05-17 09:47:35', 0, '2021-05-17'),
('iecb38197afed8444ee2f700aa21hb759bv', 'e91134133c6eedabfk63063cffd6363f8bu', 60, '000211682803219676', '1', '2021-05-17 12:57:49', 0, '2021-05-17'),
('ifcf050794a174z8fa33d0540076cffc8bf', 'el7c05cfe5c562887817201caf8b34440di', 80, '000195895402958410', '1', '2021-05-18 12:44:18', 5, '2021-05-18'),
('iqbf8d12212a083ae0a24e21e1142551e0k', 'heeaa42206395ebcdadf44a5e4fa75fc99f', 20, '000202517803059098', '1', '2021-05-18 12:10:03', 0, '2021-05-18'),
('ire421b3731b0ebd3529215051618d8436r', 'me71b63cc7ca6dbc4bbf5487f70002ab74g', 5, '000220021903337531', '1', '2021-05-17 13:05:22', 0, '2021-05-17'),
('izd38aafdf67d92561c1d8f98a4dbf03dbz', 'el7c05cfe5c562887817201caf8b34440di', 40, '000199085403024774', '1', '2021-05-18 09:54:23', 5, '2021-05-18'),
('j13b94f5fb1acfc885843f68d99ec4fa77b', 'vda8fda29bc5f349eb28df867sce70df1an', 20, '000207747103145855', '1', '2021-05-17 11:03:58', 0, '2021-05-17'),
('j16c04uc0ffa528a9050fc3b1063ba4ea4b', 'lt75f06e4896b4e641dcdaf45b954a7ae2h', 20, '000199509303029013', '1', '2021-05-18 09:30:37', 5, '2021-05-18'),
('j1b0cf5b230d92f48f3f199bfae48d4b2br', 'e91134133c6eedabfk63063cffd6363f8bu', 10, '000199509303029013', '1', '2021-05-17 10:41:08', 0, '2021-05-17'),
('j240d5574z521de4be6ed9dc94eb2a6d24o', 'e91134133c6eedabfk63063cffd6363f8bu', 20, '000196685203000772', '1', '2021-05-18 13:34:57', 5, '2021-05-18'),
('j2483cc8uf6174f8190d27360697b74d2fm', 'e91134133c6eedabfk63063cffd6363f8bu', 10, '000005393000053930', '1', '2021-05-17 11:23:09', 0, '2021-05-17'),
('j2513bd2bdf14e47fe715a8867a4c8339od', 'e91134133c6eedabfk63063cffd6363f8bu', 25, '000207867503147059', '1', '2021-05-17 11:04:44', 0, '2021-05-17'),
('j4f3f7cee73b96664r003d7c2e0778cfbdc', 'el7c05cfe5c562887817201caf8b34440di', 30, '000207867503147059', '1', '2021-05-17 09:00:50', 0, '2021-05-17'),
('j6fbceca999x6b6c621928e8e2b78b2990y', 'heeaa42206395ebcdadf44a5e4fa75fc99f', 1, '000220021903337531', '1', '2021-05-18 14:07:16', 0, '2021-05-18'),
('j785a230d457d7138740c01a47c06zb096j', 'e91134133c6eedabfk63063cffd6363f8bu', 10, '000068158201026222', '1', '2021-05-17 10:25:20', 0, '2021-05-17'),
('j80ecb404195b6b32f79b68i0a5b829b66n', 'el7c05cfe5c562887817201caf8b34440di', 30, '000006681700101281', '1', '2021-05-18 10:16:34', 5, '2021-05-18'),
('jba2b77d8ea5a80ce2701c371a0b6c90cdg', 'el7c05cfe5c562887817201caf8b34440di', 50, '000198095503014875', '1', '2021-05-18 12:35:29', 5, '2021-05-18'),
('jd4931b4s21c49782bd1702adf8fa95f6bo', 'e91134133c6eedabfk63063cffd6363f8bu', 14, '000212738603230234', '1', '2021-05-17 12:13:02', 0, '2021-05-17'),
('jf5d3d326446cb8ff23v226979b07bdbd7g', 'e91134133c6eedabfk63063cffd6363f8bu', 15, '000134964802038928', '1', '2021-05-18 11:14:23', 5, '2021-05-18'),
('jfbab55eeb82c60c145576722f85d80fb2h', 'el7c05cfe5c562887817201caf8b34440di', 30, '000138235502106099', '1', '2021-05-18 13:41:16', 5, '2021-05-18'),
('jtf879b298fd686de6e6c3c6c00b8751f9p', 'b0641f4e53a5a390104ec2d4ee31dr08b3l', 35, '000135801202047292', '1', '2021-05-17 09:22:53', 0, '2021-05-17'),
('k02ve1cc8cd0acfdf6e7fad9d3843ffd7ez', 'g0a042835aefc5f7b4ae33ede6j30ba87cw', 20, '000207867503147059', '1', '2021-05-17 13:27:14', 0, '2021-05-17'),
('k2db85d76a9a4b0308p2741ee26d6e7382y', 'e91134133c6eedabfk63063cffd6363f8bu', 10, '000228812303459899', '1', '2021-05-17 13:30:58', 0, '2021-05-17'),
('k2db8c0c24f741532811046e10fe4db0ecg', 'vda8fda29bc5f349eb28df867sce70df1an', 20, '000198113403015054', '1', '2021-05-18 09:29:19', 5, '2021-05-18'),
('k32d77445ab746fe5095185oe0de41f1cby', 'lt75f06e4896b4e641dcdaf45b954a7ae2h', 20, '000208122803149612', '1', '2021-05-18 10:35:55', 5, '2021-05-18'),
('k460515404aac4dbd7399b326obf1fc479r', 'e91134133c6eedabfk63063cffd6363f8bu', 20, '000197511403009034', '1', '2021-05-17 11:26:31', 0, '2021-05-17'),
('k5360a1245x9d7899137fc9050156bfd6bi', 'e91134133c6eedabfk63063cffd6363f8bu', 10, '000200977803043698', '1', '2021-05-18 11:57:59', 5, '2021-05-18'),
('k6b2820fe6555465033a21722e146b42p7g', 'el7c05cfe5c562887817201caf8b34440di', 50, '000211359503216443', '1', '2021-05-18 12:00:28', 5, '2021-05-18'),
('k6c69053d4bb224bf3b1e96ddu3c3d6437c', 'e91134133c6eedabfk63063cffd6363f8bu', 20, '000006651900100983', '1', '2021-05-17 09:58:46', 0, '2021-05-17'),
('ka376659d445v210758dc6ab8e8dbdf7daj', 'el7c05cfe5c562887817201caf8b34440di', 40, '000199085403024774', '1', '2021-05-18 10:47:20', 5, '2021-05-18'),
('ka5e5467d4b65f3b4ba82bec5bsb47a4e9o', 'e91134133c6eedabfk63063cffd6363f8bu', 10, '000134964802038928', '1', '2021-05-18 11:49:38', 5, '2021-05-18'),
('kaea78b1w931cf3bd8881d647cd631e558x', 'el7c05cfe5c562887817201caf8b34440di', 50, '000199085403024774', '1', '2021-05-18 11:52:07', 5, '2021-05-18'),
('kaf99c306158d68301a1ce5915bfie3fefd', 'e91134133c6eedabfk63063cffd6363f8bu', 10, '000089199301340025', '1', '2021-05-17 11:42:21', 0, '2021-05-17'),
('kb52a8a7918qf48383f01a0fbf2ef953a1c', 'el7c05cfe5c562887817201caf8b34440di', 60, '000228838203460158', '1', '2021-05-18 12:09:50', 5, '2021-05-18'),
('kd2e4d2945d86bd9b1c11551cfbc9e1dezh', 'e91134133c6eedabfk63063cffd6363f8bu', 25, '000212738603230234', '1', '2021-05-17 14:08:04', 0, '2021-05-17'),
('kd37e0d8383e9e26f06acca71ef9ca8vc4x', 'e91134133c6eedabfk63063cffd6363f8bu', 20, '000211682803219676', '1', '2021-05-17 10:39:06', 0, '2021-05-17'),
('ke2270fda54eced978771e45c0d964f043h', 'b0641f4e53a5a390104ec2d4ee31dr08b3l', 40, '000006651900100983', '1', '2021-05-17 11:45:58', 0, '2021-05-17'),
('kee0fd133224c069eaaee92f5ab0276btah', 'e91134133c6eedabfk63063cffd6363f8bu', 10, '000199509303029013', '1', '2021-05-17 10:47:05', 0, '2021-05-17'),
('kf8a6696161a44ad9b3ccp694b7ae74af4h', 'e91134133c6eedabfk63063cffd6363f8bu', 20, '000198113403015054', '1', '2021-05-17 15:05:37', 0, '2021-05-17'),
('l25f8j1dbd256a4e238c2c4bed0b5963d2u', 'e91134133c6eedabfk63063cffd6363f8bu', 5, '000220021903337531', '1', '2021-05-17 13:37:21', 0, '2021-05-17'),
('l60d29806b427e3f63f5934da9b4dada21a', 'vda8fda29bc5f349eb28df867sce70df1an', 40, '000199085403024774', '1', '2021-05-18 10:14:37', 5, '2021-05-18'),
('l876e6b41e92ca8d28cc2f9414r6420c88l', 'e91134133c6eedabfk63063cffd6363f8bu', 10, '000198113403015054', '1', '2021-05-18 13:21:45', 5, '2021-05-18'),
('la110869056a5f04ac181cc9a27f4e1347p', 'vda8fda29bc5f349eb28df867sce70df1an', 40, '000211682803219676', '1', '2021-05-17 13:42:03', 0, '2021-05-17'),
('lddff00b6ae0fd9dl912b9693847509c45q', 'el7c05cfe5c562887817201caf8b34440di', 40, '000207865803147042', '1', '2021-05-18 11:17:03', 5, '2021-05-18'),
('le8681bba18458c664054a5e7wf5482f80i', 'el7c05cfe5c562887817201caf8b34440di', 30, '000197511403009034', '1', '2021-05-17 10:58:14', 0, '2021-05-17'),
('lfxdc4696fed352319562a095ca46dafb8g', 'el7c05cfe5c562887817201caf8b34440di', 30, '000207867503147059', '1', '2021-05-18 08:23:27', 5, '2021-05-18'),
('luc411d510a601a76fc8e70ddb8c4cc83bb', 'el7c05cfe5c562887817201caf8b34440di', 30, '000198113403015054', '1', '2021-05-18 13:14:57', 5, '2021-05-18'),
('m020f0f6fb2f4a5pd801ebe47c61eb04f9a', 'x2f6be3ba0bb1f808au0d2f6de9b89ee7bw', 300, '000207865803147042', '2', '2021-05-18 13:43:18', 50, '2021-05-18'),
('m0460f5918e16e47ee8b12b95u633f51f6s', 'el7c05cfe5c562887817201caf8b34440di', 30, '000209315703161541', '1', '2021-05-17 09:25:33', 0, '2021-05-17'),
('m054fa43dfaf4e6b969c9b94a0bdee6995n', 'e91134133c6eedabfk63063cffd6363f8bu', 7, '000138235502106099', '1', '2021-05-18 13:44:51', 5, '2021-05-18'),
('m0b0057a92846430q93ba9c1b054370a2dx', 'e91134133c6eedabfk63063cffd6363f8bu', 25, '000208122803149612', '1', '2021-05-17 10:46:54', 0, '2021-05-17'),
('m2553fc7686e985aq5c0ef96e31d322358j', 'vda8fda29bc5f349eb28df867sce70df1an', 120, '000199509303029013', '1', '2021-05-18 10:19:49', 5, '2021-05-18'),
('m33c1yc037b153fcd45aae4fc7bd40c6d4z', 'vda8fda29bc5f349eb28df867sce70df1an', 20, '000198113403015054', '1', '2021-05-17 12:41:51', 0, '2021-05-17'),
('m50fac98414b1f8d25cee297c9c29b2ckbf', 'lt75f06e4896b4e641dcdaf45b954a7ae2h', 40, '000199509303029013', '1', '2021-05-18 13:35:47', 5, '2021-05-18'),
('m7623y030d93de64c2e8466e03698d6e4bs', 'e91134133c6eedabfk63063cffd6363f8bu', 7, '000201690903050829', '1', '2021-05-17 09:32:44', 0, '2021-05-17'),
('ma69f4a2a308621dc8dc9ba5ddbc80637eo', 'e91134133c6eedabfk63063cffd6363f8bu', 10, '000135801202047292', '1', '2021-05-17 10:36:52', 0, '2021-05-17'),
('mba237d826b0601eyfe5c467c4f37f9e17h', 'e91134133c6eedabfk63063cffd6363f8bu', 20, '000068158201026222', '1', '2021-05-18 11:08:24', 5, '2021-05-18'),
('md05fd95ae0b4b3b1fd008237u7654a787w', 'e91134133c6eedabfk63063cffd6363f8bu', 25, '000197511403009034', '1', '2021-05-18 10:49:33', 5, '2021-05-18'),
('md61e926e26ef800a526b484ed9944881du', 'e91134133c6eedabfk63063cffd6363f8bu', 10, '000002864200028642', '1', '2021-05-18 11:01:14', 5, '2021-05-18'),
('mea0af9533b8bq1f6ce3239897ad4e6264p', 'lt75f06e4896b4e641dcdaf45b954a7ae2h', 30, '000208914803157532', '1', '2021-05-18 12:13:19', 5, '2021-05-18'),
('n007d9j2854d907f18bac78a0060244edfy', 'e91134133c6eedabfk63063cffd6363f8bu', 25, '000198113403015054', '1', '2021-05-17 11:22:24', 0, '2021-05-17'),
('n1014b5d1b2e675h1e99ccb931f2ff05a4b', 'e91134133c6eedabfk63063cffd6363f8bu', 55, '000005393000053930', '1', '2021-05-18 10:13:06', 5, '2021-05-18'),
('n1e95a19befcf9012bs120deb4fd3ff892o', 'b0641f4e53a5a390104ec2d4ee31dr08b3l', 35, '000207747103145855', '1', '2021-05-17 09:22:35', 0, '2021-05-17'),
('n1f59c7e5b88ff26640bec775528dd744bm', 'e91134133c6eedabfk63063cffd6363f8bu', 20, '000208122803149612', '1', '2021-05-17 10:29:04', 0, '2021-05-17'),
('n48673567a7a82c72cf94adec1bf373720v', 'vda8fda29bc5f349eb28df867sce70df1an', 40, '000134722402036504', '1', '2021-05-18 10:27:12', 5, '2021-05-18'),
('n5608eeb0ae58c49n4c63aa455420afe14s', 'e91134133c6eedabfk63063cffd6363f8bu', 20, '000220021903337531', '1', '2021-05-18 13:45:48', 5, '2021-05-18'),
('n751414c5688d492190bc7395de9f8b74tq', 'g0a042835aefc5f7b4ae33ede6j30ba87cw', 130, '000211682803219676', '1', '2021-05-17 12:38:09', 0, '2021-05-17'),
('n7782ce391bed80f3c9cbad497da309ca2i', 'heeaa42206395ebcdadf44a5e4fa75fc99f', 0, '000209038303158767', '1', '2021-05-18 13:50:44', 0, '2021-05-18'),
('n860d4aae9d6a23eaa1aa8fvcb81dae787q', 'e91134133c6eedabfk63063cffd6363f8bu', 10, '000068166201026302', '1', '2021-05-18 10:45:33', 5, '2021-05-18'),
('n89i62964b40d388224d3c7c5c0b4c2d26w', 'vda8fda29bc5f349eb28df867sce70df1an', 10, '000198113403015054', '1', '2021-05-18 13:39:02', 5, '2021-05-18'),
('naa9b116806739a624ab9235ba99d92a20d', 'e91134133c6eedabfk63063cffd6363f8bu', 20, '000134722402036504', '1', '2021-05-18 10:26:42', 5, '2021-05-18'),
('nae3d54bf3d31261036s2c77395b9de9d1l', 'lt75f06e4896b4e641dcdaf45b954a7ae2h', 30, '000005393000053930', '1', '2021-05-18 09:30:56', 5, '2021-05-18'),
('nb304f412f383aefac33ae2746fbaf9be9o', 'e91134133c6eedabfk63063cffd6363f8bu', 10, '000208122803149612', '1', '2021-05-17 10:33:44', 0, '2021-05-17'),
('nc68ed61bah8b62daab75627f36e03e823z', 'e91134133c6eedabfk63063cffd6363f8bu', 20, '000207865803147042', '1', '2021-05-17 12:49:03', 0, '2021-05-17'),
('nd2b272b24916a3c25a832d1a11b0e3f1ff', 'vda8fda29bc5f349eb28df867sce70df1an', 20, '000089199301340025', '1', '2021-05-17 11:23:41', 0, '2021-05-17'),
('nd2zf5f76d954333da4d9fbb6a5dac299eh', 'e91134133c6eedabfk63063cffd6363f8bu', 10, '000207865803147042', '1', '2021-05-18 11:18:52', 5, '2021-05-18'),
('nea68cb85d27d4q0dceb292c65b586b641n', 'vda8fda29bc5f349eb28df867sce70df1an', 20, '000212738603230234', '1', '2021-05-18 10:17:41', 5, '2021-05-18'),
('nf3ca5f67cd3f226e96fev6b6fc53d7b5fm', 'vda8fda29bc5f349eb28df867sce70df1an', 20, '000005393000053930', '1', '2021-05-17 11:32:50', 0, '2021-05-17'),
('o24ca689034bf1295aecbdb622ef64673fo', 'e91134133c6eedabfk63063cffd6363f8bu', 7, '000208122803149612', '1', '2021-05-18 10:09:43', 5, '2021-05-18'),
('o2f1be8442a67vd4b6babc7e60a5c86417b', 'b0641f4e53a5a390104ec2d4ee31dr08b3l', 30, '000207867503147059', '1', '2021-05-17 10:29:04', 0, '2021-05-17'),
('o4697ce085496e52e926da0d5a273974dzt', 'vda8fda29bc5f349eb28df867sce70df1an', 20, '000138235502106099', '1', '2021-05-17 10:47:15', 0, '2021-05-17'),
('o8274395351d7cf2475e1f48187q7f8dcao', 'e91134133c6eedabfk63063cffd6363f8bu', 20, '000228838203460158', '1', '2021-05-18 12:15:08', 5, '2021-05-18'),
('o8ac84fef9b875a8n7467405894878eaa6v', 'e91134133c6eedabfk63063cffd6363f8bu', 50, '000002214000022140', '1', '2021-05-17 13:47:58', 0, '2021-05-17'),
('o9fdd35bff4712e0f07b547f0b8ff223e9y', 'g0a042835aefc5f7b4ae33ede6j30ba87cw', 65, '000209315703161541', '1', '2021-05-18 09:24:39', 5, '2021-05-18'),
('od4736d67bd9e39354f917be72fb3dbf2cz', 'b0641f4e53a5a390104ec2d4ee31dr08b3l', 35, '000006651900100983', '1', '2021-05-17 09:08:57', 0, '2021-05-17'),
('od4c778d4622cdecea886c82e8e51fa0e5z', 'e91134133c6eedabfk63063cffd6363f8bu', 25, '000198095503014875', '1', '2021-05-18 12:14:55', 5, '2021-05-18'),
('offafba4cc625f12794351c92b82edca02p', 'e91134133c6eedabfk63063cffd6363f8bu', 10, '000198113403015054', '1', '2021-05-18 10:04:55', 0, '2021-05-18'),
('offf6e9987ce46fb92845723qbedcad07cy', 'vda8fda29bc5f349eb28df867sce70df1an', 20, '000196685203000772', '1', '2021-05-18 12:06:09', 5, '2021-05-18'),
('p0c5d6eeb661130d15c3c409ffdac4f5b1g', 'el7c05cfe5c562887817201caf8b34440di', 30, '000209260103160985', '1', '2021-05-18 12:04:16', 5, '2021-05-18'),
('p12211ec750fb1b21973265ebka9dbaa85o', 'el7c05cfe5c562887817201caf8b34440di', 100, '000212261503225463', '1', '2021-05-18 12:29:35', 5, '2021-05-18'),
('p31f75e8e061kd221a0fedd604164df8a8e', 'e91134133c6eedabfk63063cffd6363f8bu', 7, '000209038303158767', '1', '2021-05-17 10:01:30', 0, '2021-05-17'),
('p4e682eac74a2eac21a3803c483an9635ez', 'vda8fda29bc5f349eb28df867sce70df1an', 20, '000199600403029924', '1', '2021-05-18 09:26:15', 5, '2021-05-18'),
('p5215fe7359e52451mb2b76154ff9304f1h', 'g0a042835aefc5f7b4ae33ede6j30ba87cw', 60, '000002562700025627', '1', '2021-05-18 12:36:54', 5, '2021-05-18'),
('p7a0f032b254a052f613bff69770f9eefbe', 'e91134133c6eedabfk63063cffd6363f8bu', 20, '000212738603230234', '1', '2021-05-17 13:20:00', 0, '2021-05-17'),
('p8g6d227824f1c6a2e423dfdadf4475a14z', 'vda8fda29bc5f349eb28df867sce70df1an', 30, '000198095503014875', '1', '2021-05-18 12:54:55', 5, '2021-05-18'),
('p99d399c3bch40a7a3f9e340e32538e56dz', 'el7c05cfe5c562887817201caf8b34440di', 30, '000211578703218635', '1', '2021-05-18 13:19:18', 5, '2021-05-18'),
('p9df0d9c204561aavae042ec981794082ek', 'lt75f06e4896b4e641dcdaf45b954a7ae2h', 40, '000209260103160985', '1', '2021-05-18 12:00:59', 5, '2021-05-18'),
('pc9ee673c2954dmabeb7e64b4d5b819029t', 'vda8fda29bc5f349eb28df867sce70df1an', 20, '000134722402036504', '1', '2021-05-17 12:20:01', 0, '2021-05-17'),
('pf17a2c2d98b178e26cdcc96r873404d25i', 'e91134133c6eedabfk63063cffd6363f8bu', 20, '000220021903337531', '1', '2021-05-17 12:50:02', 0, '2021-05-17'),
('q26eeee6b21cdc79d5373a9da2ab859d18t', 'e91134133c6eedabfk63063cffd6363f8bu', 10, '000207865803147042', '1', '2021-05-17 09:15:08', 0, '2021-05-17'),
('q6ac2307xa45f40f73bee09e9aa9a621f9s', 'el7c05cfe5c562887817201caf8b34440di', 40, '000199600403029924', '1', '2021-05-18 09:31:49', 5, '2021-05-18'),
('q7f3ea06347e4c6e49ecb7928861ce80bay', 'el7c05cfe5c562887817201caf8b34440di', 30, '000002864200028642', '1', '2021-05-18 10:59:50', 5, '2021-05-18'),
('q9y241e1d7161ea9eee4f50927e6638c1be', 'x2f6be3ba0bb1f808au0d2f6de9b89ee7bw', 1200, '000228812303459899', '2', '2021-05-17 16:03:27', 50, '2021-05-17'),
('qd5e78e88ca5d19430b8487d8f16593771m', 'x2f6be3ba0bb1f808au0d2f6de9b89ee7bw', 200, '000002214000022140', '2', '2021-05-17 15:00:15', 50, '2021-05-17'),
('qdjb65050810cacd89f30a3e1f04cb1ca0h', 'vda8fda29bc5f349eb28df867sce70df1an', 10, '000002864200028642', '1', '2021-05-18 11:25:52', 5, '2021-05-18'),
('qf1a8a530cda1sb0d6c37204b01437ccd3z', 'b0641f4e53a5a390104ec2d4ee31dr08b3l', 60, '000081103901224607', '1', '2021-05-17 08:47:58', 0, '2021-05-17'),
('qf40ffbc31ae10876b3d619a35e16a646ak', 'el7c05cfe5c562887817201caf8b34440di', 30, '000209315703161541', '1', '2021-05-18 09:19:38', 5, '2021-05-18'),
('r1466c1a58o5ae1d861cc91f22b38b943as', 'e91134133c6eedabfk63063cffd6363f8bu', 10, '000209543503163819', '1', '2021-05-18 12:16:52', 5, '2021-05-18'),
('r3b56e3a9b7b0b83df3h30847c2fbcddb7f', 'g0a042835aefc5f7b4ae33ede6j30ba87cw', 80, '000196685203000772', '1', '2021-05-18 12:13:06', 5, '2021-05-18'),
('r4761196a5b196574a32820b570fve8cadp', 'e91134133c6eedabfk63063cffd6363f8bu', 72, '000198113403015054', '1', '2021-05-17 14:26:52', 0, '2021-05-17'),
('r733079ebd5ee03be89beaec634ze98fa1w', 'e91134133c6eedabfk63063cffd6363f8bu', 15, '000212738603230234', '1', '2021-05-17 13:42:12', 0, '2021-05-17'),
('r7cbe06a1c1fd5868ua5623e1170a21eb8m', 'f5578k0721defa727e7d3c7113d91bb472x', 30, '000208540803153792', '2', '2021-05-18 11:33:17', 66, '2021-05-18'),
('r8b3b0b7975581a628901186c0929r5f36r', 'el7c05cfe5c562887817201caf8b34440di', 80, '000207747103145855', '1', '2021-05-18 12:42:49', 5, '2021-05-18'),
('r99e002c73wd77a5121dbc35e8b7a4ab17a', 'vda8fda29bc5f349eb28df867sce70df1an', 90, '000068158201026222', '1', '2021-05-17 10:18:50', 0, '2021-05-17'),
('ra4d4fw7db297670e4359ded3ea7a3ea9bs', 'e91134133c6eedabfk63063cffd6363f8bu', 100, '000208122803149612', '1', '2021-05-17 08:41:01', 0, '2021-05-17'),
('ra977ced3177082ebb4f39cf77xacfc3adc', 'el7c05cfe5c562887817201caf8b34440di', 40, '000134722402036504', '1', '2021-05-18 10:14:25', 5, '2021-05-18'),
('rcd06f9cdc4e6w158584244910a6656976e', 'e91134133c6eedabfk63063cffd6363f8bu', 10, '000199509303029013', '1', '2021-05-17 10:14:40', 0, '2021-05-17'),
('rdd4248cfba02c942bk3fc1076232dd909o', 'vda8fda29bc5f349eb28df867sce70df1an', 60, '000199509303029013', '1', '2021-05-17 10:26:06', 0, '2021-05-17'),
('rf0671df3u31de071e5ba46f37d43124a6c', 'lt75f06e4896b4e641dcdaf45b954a7ae2h', 120, '000199509303029013', '1', '2021-05-18 10:21:57', 5, '2021-05-18'),
('rf339d0780f4d1cdcs203e807e0552a3a3i', 'heeaa42206395ebcdadf44a5e4fa75fc99f', 180, '000220021903337531', '1', '2021-05-18 09:16:22', 0, '2021-05-18'),
('s17f1d0f1d4edf4l9e9b5e6c9329378d3ah', 'e91134133c6eedabfk63063cffd6363f8bu', 7, '000212385803226706', '1', '2021-05-17 11:07:34', 0, '2021-05-17'),
('s38ed68a0830aa9e0457af9g2428423ed0z', 'e91134133c6eedabfk63063cffd6363f8bu', 10, '000208122803149612', '1', '2021-05-17 09:48:52', 0, '2021-05-17'),
('s49e8679124e0l7b7a7747db3e1824e7a2v', 'b0641f4e53a5a390104ec2d4ee31dr08b3l', 40, '000208122803149612', '1', '2021-05-17 09:14:38', 0, '2021-05-17'),
('s6f38c114988f213am274da215af52f5c1v', 'e91134133c6eedabfk63063cffd6363f8bu', 10, '000207867503147059', '1', '2021-05-17 10:40:54', 0, '2021-05-17'),
('s89b0872f33498d16c3772d87156065e0ay', 'e91134133c6eedabfk63063cffd6363f8bu', 7, '000134964802038928', '1', '2021-05-18 11:06:00', 5, '2021-05-18'),
('s8e5c60be8763aaeb6a0af99ea741a0g83x', 'el7c05cfe5c562887817201caf8b34440di', 30, '000220021903337531', '1', '2021-05-17 12:20:22', 0, '2021-05-17'),
('s9c6aha9ca7a8a44a0d42a04d0c4eccf2bx', 'lt75f06e4896b4e641dcdaf45b954a7ae2h', 20, '000198095503014875', '1', '2021-05-18 14:01:51', 5, '2021-05-18'),
('sa87feb48facaaab493665eac5baebb30ey', 'el7c05cfe5c562887817201caf8b34440di', 30, '000220021903337531', '1', '2021-05-18 13:54:24', 5, '2021-05-18'),
('sa8f09122a74a9e49983v210b90afeee81r', 'e91134133c6eedabfk63063cffd6363f8bu', 20, '000002214000022140', '1', '2021-05-17 13:50:36', 0, '2021-05-17'),
('saa3fdfb62e94db33c84b398d5955cmc85e', 'vda8fda29bc5f349eb28df867sce70df1an', 20, '000208122803149612', '1', '2021-05-18 10:27:26', 5, '2021-05-18'),
('sbcf488aac1b259e01dfe99c86a905ae48w', 'e91134133c6eedabfk63063cffd6363f8bu', 25, '000198113403015054', '1', '2021-05-18 13:41:08', 5, '2021-05-18'),
('sbj46bca8d874ec346077ad2be4996de72s', 'el7c05cfe5c562887817201caf8b34440di', 30, '000209315703161541', '1', '2021-05-17 09:26:46', 0, '2021-05-17'),
('sceed892eff375f809ff7d07e833e6v804c', 'e91134133c6eedabfk63063cffd6363f8bu', 20, '000208122803149612', '1', '2021-05-17 11:08:05', 0, '2021-05-17'),
('sd2a91779a70152249dd2ef915e88bbfi5r', 'e91134133c6eedabfk63063cffd6363f8bu', 10, '000199085403024774', '1', '2021-05-18 11:01:00', 5, '2021-05-18'),
('sd962f7f719bc188caebf9558a8cb1dfl2s', 'e91134133c6eedabfk63063cffd6363f8bu', 14, '000209315703161541', '1', '2021-05-17 09:20:21', 0, '2021-05-17'),
('sed48bfd8978faba4e98541ceee4cef34yn', 'b0641f4e53a5a390104ec2d4ee31dr08b3l', 40, '000207867503147059', '1', '2021-05-17 09:00:13', 0, '2021-05-17'),
('sf27d5648da31c37fd95m07cc74e606fd5k', 'vda8fda29bc5f349eb28df867sce70df1an', 20, '000199085403024774', '1', '2021-05-18 10:29:38', 5, '2021-05-18'),
('t0d81796018b2ba5cbf2d02d3h410d9a46t', 'e91134133c6eedabfk63063cffd6363f8bu', 10, '000196685203000772', '1', '2021-05-18 13:23:29', 5, '2021-05-18'),
('t256c7232c3dbb3dc9965vfa0a91f916b2o', 'el7c05cfe5c562887817201caf8b34440di', 40, '000195895402958410', '1', '2021-05-18 12:49:20', 5, '2021-05-18'),
('t2e2f5af79359id2ddebaeb9e320fc68ado', 'el7c05cfe5c562887817201caf8b34440di', 30, '000087159601319628', '1', '2021-05-18 09:45:06', 5, '2021-05-18'),
('t40857ea6ffbd3dc4072o133ef1b29bf33v', 'me71b63cc7ca6dbc4bbf5487f70002ab74g', 10, '000202517803059098', '1', '2021-05-18 12:00:09', 0, '2021-05-18'),
('t440126379a60ccc59373d76e020588abdg', 'e91134133c6eedabfk63063cffd6363f8bu', 10, '000211578703218635', '1', '2021-05-18 12:38:27', 5, '2021-05-18'),
('t84ac2e1acbf9f9bc6d42fe16fbs24426ef', 'me71b63cc7ca6dbc4bbf5487f70002ab74g', 5, '000220021903337531', '1', '2021-05-17 13:04:07', 0, '2021-05-17'),
('tad72p235cc1d34f49c045083ce92428bdj', 'el7c05cfe5c562887817201caf8b34440di', 30, '000210772003210568', '1', '2021-05-17 09:23:59', 0, '2021-05-17'),
('tb4e5851bb85e704713676a3df92cfaa1xv', 'lt75f06e4896b4e641dcdaf45b954a7ae2h', 25, '000212738603230234', '1', '2021-05-18 09:31:29', 5, '2021-05-18'),
('tbf2bb779e857c25ia4bb7e72b3d5cb31ez', 'e91134133c6eedabfk63063cffd6363f8bu', 10, '000208540803153792', '1', '2021-05-18 11:05:09', 5, '2021-05-18'),
('tc126d83c7341ca3c5a65elf1b17c38c7dp', 'e91134133c6eedabfk63063cffd6363f8bu', 7, '000201690903050829', '1', '2021-05-17 09:00:57', 0, '2021-05-17'),
('tdb47ad0b2d98e5a7b15b9314524al8ea8e', 'e91134133c6eedabfk63063cffd6363f8bu', 7, '000212385803226706', '1', '2021-05-17 11:38:40', 0, '2021-05-17'),
('te2b2f16f3dd1ff70d10698241dbc6fee6m', 'vda8fda29bc5f349eb28df867sce70df1an', 20, '000212385803226706', '1', '2021-05-17 12:43:24', 0, '2021-05-17'),
('u100a2745591a129e4cf3130s06414819bf', 'lt75f06e4896b4e641dcdaf45b954a7ae2h', 20, '000208914803157532', '1', '2021-05-18 12:52:27', 5, '2021-05-18'),
('u1ib071b36b26510b29d9ec0d47ed77ec6v', 'e91134133c6eedabfk63063cffd6363f8bu', 40, '000207865803147042', '1', '2021-05-18 12:45:00', 5, '2021-05-18'),
('u248100e3427e9bc7f0d90e55b2fe38lc7f', 'e91134133c6eedabfk63063cffd6363f8bu', 20, '000198095503014875', '1', '2021-05-18 13:57:29', 5, '2021-05-18'),
('u2b3903c3420efvab15f746052201b03dby', 'f5578k0721defa727e7d3c7113d91bb472x', 30, '000209038303158767', '2', '2021-05-18 09:57:13', 66, '2021-05-18'),
('u2fd6e7dbez8133217773a0e6c3bc8316el', 'e91134133c6eedabfk63063cffd6363f8bu', 10, '000212261503225463', '1', '2021-05-18 12:22:32', 5, '2021-05-18'),
('u393977f1af5c2mbb0fc5bffa750b81583y', 'e91134133c6eedabfk63063cffd6363f8bu', 30, '000206461103132995', '1', '2021-05-18 12:26:03', 5, '2021-05-18'),
('u47d2ffc8dabae49033a4bb4acl335c663h', 'e91134133c6eedabfk63063cffd6363f8bu', 25, '000199509303029013', '1', '2021-05-17 11:07:46', 0, '2021-05-17'),
('u5c256cy7158c7558b92da6d14036018fbo', 'e91134133c6eedabfk63063cffd6363f8bu', 7, '000207865803147042', '1', '2021-05-17 09:27:02', 0, '2021-05-17'),
('u5d6a4de9881c5ce4a1d2dfe36056d6d0af', 'e91134133c6eedabfk63063cffd6363f8bu', 17, '000195895402958410', '1', '2021-05-18 12:31:58', 5, '2021-05-18'),
('u661a19ec463f0a47pb97cbe4b4237b404a', 'e91134133c6eedabfk63063cffd6363f8bu', 7, '000207867503147059', '1', '2021-05-17 09:25:15', 0, '2021-05-17'),
('u7c8181b7e5c44c2e620e84630k7188664k', 'e91134133c6eedabfk63063cffd6363f8bu', 14, '000195895402958410', '1', '2021-05-18 09:04:38', 0, '2021-05-18'),
('u858b14fbae2eaf0fbb3fbb5cc7a27cd58m', 'e91134133c6eedabfk63063cffd6363f8bu', 10, '000199509303029013', '1', '2021-05-17 10:14:12', 0, '2021-05-17'),
('u85d7dd212c422a4d440d488e78ar9a8f1d', 'el7c05cfe5c562887817201caf8b34440di', 30, '000196818603002106', '1', '2021-05-18 12:06:36', 5, '2021-05-18'),
('u90eee042c00xaf8d40ab45609b967e396l', 'el7c05cfe5c562887817201caf8b34440di', 80, '000070273301047373', '1', '2021-05-18 11:23:48', 5, '2021-05-18'),
('u929cy26820666a82360f9583d2784be0bz', 'el7c05cfe5c562887817201caf8b34440di', 30, '000212261503225463', '1', '2021-05-18 12:18:15', 5, '2021-05-18'),
('ud6afsd1f438b6915d1983df9ab6d2f1det', 'b0641f4e53a5a390104ec2d4ee31dr08b3l', 35, '000201690903050829', '1', '2021-05-17 09:32:01', 0, '2021-05-17'),
('v003473184a3faa57e9z701ab7a92218eat', 'e91134133c6eedabfk63063cffd6363f8bu', 20, '000212385803226706', '1', '2021-05-17 12:48:39', 0, '2021-05-17'),
('v170cbca94fe63777397d1a3d5dz1abfd6e', 'e91134133c6eedabfk63063cffd6363f8bu', 7, '000220021903337531', '1', '2021-05-17 12:25:25', 0, '2021-05-17'),
('v3a8cd00416f40e2881d078780k555a287q', 'e91134133c6eedabfk63063cffd6363f8bu', 20, '000198095503014875', '1', '2021-05-18 12:37:12', 5, '2021-05-18'),
('v44lf6d38ebb9e88587852675268f40892n', 'g0a042835aefc5f7b4ae33ede6j30ba87cw', 80, '000224834503420121', '1', '2021-05-18 09:34:29', 5, '2021-05-18'),
('v4ed9fc9f0d844da9eaf837aa521071ef5t', 'e91134133c6eedabfk63063cffd6363f8bu', 7, '000212738603230234', '1', '2021-05-18 10:35:52', 5, '2021-05-18'),
('v4fe38fc9063b18bef0udbbac1b4c13030b', 'b0641f4e53a5a390104ec2d4ee31dr08b3l', 35, '000208122803149612', '1', '2021-05-17 09:10:31', 0, '2021-05-17'),
('v6f11d1c283f970ee2ecxcd1427355ee8bm', 'g0a042835aefc5f7b4ae33ede6j30ba87cw', 10, '000208914803157532', '1', '2021-05-18 12:31:43', 5, '2021-05-18'),
('v79fee44ae059263kf5ef647048049690cx', 'lt75f06e4896b4e641dcdaf45b954a7ae2h', 100, '000208122803149612', '1', '2021-05-18 09:30:19', 5, '2021-05-18'),
('v7e62ef67bb6756a7e8001c4ag2f788690n', 'e91134133c6eedabfk63063cffd6363f8bu', 10, '000211359503216443', '1', '2021-05-18 11:55:06', 5, '2021-05-18'),
('va0a6fa3b5203a37114f7533dc5066c412u', 'el7c05cfe5c562887817201caf8b34440di', 40, '000134964802038928', '1', '2021-05-18 08:04:51', 5, '2021-05-18'),
('va4f8a4eej2c84f137ea743eab72d5f07fp', 'el7c05cfe5c562887817201caf8b34440di', 30, '000196685203000772', '1', '2021-05-18 14:06:33', 5, '2021-05-18'),
('vbee7c2a35256bd11aefa126751b1k7db8a', 'el7c05cfe5c562887817201caf8b34440di', 40, '000223093203402708', '1', '2021-05-18 09:02:07', 5, '2021-05-18'),
('vc95f30bcaa6343abc25g47224c061a020z', 'g0a042835aefc5f7b4ae33ede6j30ba87cw', 10, '000198113403015054', '1', '2021-05-18 09:38:49', 5, '2021-05-18'),
('vc99af41ff4r80e3ba7bd3e97563888df6v', 'e91134133c6eedabfk63063cffd6363f8bu', 10, '000068158201026222', '1', '2021-05-17 13:33:29', 0, '2021-05-17'),
('vf463a6abf54gb9103a6f04d7a4caaaac9n', 'e91134133c6eedabfk63063cffd6363f8bu', 15, '000207747103145855', '1', '2021-05-17 11:20:02', 0, '2021-05-17'),
('w11168eb6153r9381ef2eca44fdecef46ar', 'e91134133c6eedabfk63063cffd6363f8bu', 10, '000211682803219676', '1', '2021-05-17 09:49:27', 0, '2021-05-17'),
('w132eee6fbaabe4502d32ec657cc04ua09t', 'e91134133c6eedabfk63063cffd6363f8bu', 25, '000208540803153792', '1', '2021-05-18 11:12:59', 5, '2021-05-18'),
('w1f0b2c920dy5ebf8ba8f8bdd295086feej', 'e91134133c6eedabfk63063cffd6363f8bu', 20, '000198113403015054', '1', '2021-05-18 12:25:48', 5, '2021-05-18'),
('w2af46346bb3cb0b1afaf84a10b9a023c0f', 'heeaa42206395ebcdadf44a5e4fa75fc99f', 1, '000138235502106099', '1', '2021-05-18 14:06:45', 0, '2021-05-18'),
('w3dfacdfbd259ffb7938efdf9d100173cdb', 'e91134133c6eedabfk63063cffd6363f8bu', 7, '000228812303459899', '1', '2021-05-17 12:15:58', 0, '2021-05-17'),
('w586bbe3a3313f92207bb2d61dfec74ac8l', 'vda8fda29bc5f349eb28df867sce70df1an', 40, '000228812303459899', '1', '2021-05-17 13:41:53', 0, '2021-05-17'),
('w6b8f8973697ee3373efc6681m480074c3r', 'vda8fda29bc5f349eb28df867sce70df1an', 20, '000135801202047292', '1', '2021-05-17 10:37:37', 0, '2021-05-17'),
('w6ed5a9cf5kbaf6daee76cb56197e1f511l', 'el7c05cfe5c562887817201caf8b34440di', 30, '000201690903050829', '1', '2021-05-17 08:59:02', 0, '2021-05-17'),
('w6i88bb5d7119a8ab3b7a5a85426a57bc6v', 'el7c05cfe5c562887817201caf8b34440di', 30, '000195895402958410', '1', '2021-05-18 11:53:01', 5, '2021-05-18'),
('w7r9fd458425848946c306b4b23fd15605o', 'lt75f06e4896b4e641dcdaf45b954a7ae2h', 80, '000210126803204116', '1', '2021-05-18 09:29:05', 5, '2021-05-18'),
('w91dc706c5169389724116df2h85002ad9r', 'e91134133c6eedabfk63063cffd6363f8bu', 10, '000207747103145855', '1', '2021-05-17 11:39:13', 0, '2021-05-17'),
('wc5c16365c988c57faf7634345bcb20adfn', 'e91134133c6eedabfk63063cffd6363f8bu', 20, '000212738603230234', '1', '2021-05-17 12:39:18', 0, '2021-05-17'),
('wcd7d3024530d146542cc1271dd5be16ebo', 'el7c05cfe5c562887817201caf8b34440di', 30, '000212738603230234', '1', '2021-05-17 11:58:44', 0, '2021-05-17'),
('wdd5e8a639ad3c7c824d56cj95cc859ce5x', 'el7c05cfe5c562887817201caf8b34440di', 40, '000195895402958410', '1', '2021-05-18 08:11:45', 5, '2021-05-18'),
('we1c03534b9cc0fa575931adfe29d7312ti', 'lt75f06e4896b4e641dcdaf45b954a7ae2h', 330, '000134722402036504', '1', '2021-05-18 09:28:06', 5, '2021-05-18'),
('wr47e6af53d839077d4f8abea49453a108s', 'e91134133c6eedabfk63063cffd6363f8bu', 40, '000197511403009034', '1', '2021-05-17 09:21:10', 0, '2021-05-17'),
('x2fa912183fd3173896845b7f23cc6331fk', 'e91134133c6eedabfk63063cffd6363f8bu', 7, '000196685203000772', '1', '2021-05-18 13:47:49', 5, '2021-05-18'),
('x537b79dbcadea4eb43e2c82709c8e389bl', 'e91134133c6eedabfk63063cffd6363f8bu', 25, '000208272303151107', '1', '2021-05-18 09:35:18', 0, '2021-05-18'),
('x572b0bc06965775a5fd60c52af76d15v6e', 'e91134133c6eedabfk63063cffd6363f8bu', 14, '000200977803043698', '1', '2021-05-18 11:17:09', 5, '2021-05-18'),
('x85c091c1bf8204aca35fb98r08b2c280fn', 'e91134133c6eedabfk63063cffd6363f8bu', 10, '000199085903024779', '1', '2021-05-18 09:44:58', 0, '2021-05-18'),
('x95c1b36510g04e12dde36028353f7afd6y', 'vda8fda29bc5f349eb28df867sce70df1an', 40, '000006681700101281', '1', '2021-05-18 10:33:47', 5, '2021-05-18'),
('xc191413134f931a54b4a8bct964d03c8cz', 'b0641f4e53a5a390104ec2d4ee31dr08b3l', 80, '000211682803219676', '1', '2021-05-17 11:20:51', 0, '2021-05-17'),
('xd95f069m8e621546e37dacca41c4911d3j', 'lt75f06e4896b4e641dcdaf45b954a7ae2h', 30, '000198471003018630', '1', '2021-05-18 12:23:01', 5, '2021-05-18'),
('xf1a8a951480i21fbc188582075037a51bd', 'e91134133c6eedabfk63063cffd6363f8bu', 7, '000207867503147059', '1', '2021-05-17 10:32:50', 0, '2021-05-17'),
('xf2a61e146cm2f84ca1cad473f645854c9d', 'x2f6be3ba0bb1f808au0d2f6de9b89ee7bw', 200, '000220021903337531', '2', '2021-05-17 16:09:41', 50, '2021-05-17'),
('xf6444391b2978fcb06c24bebe20092f2ag', 'g0a042835aefc5f7b4ae33ede6j30ba87cw', 400, '000196818603002106', '1', '2021-05-18 13:01:17', 5, '2021-05-18'),
('xfcfbe2b1bc3e63172f71be63c0d103cd4c', 'el7c05cfe5c562887817201caf8b34440di', 40, '000208122803149612', '1', '2021-05-18 10:12:41', 5, '2021-05-18'),
('xfdad983fdbf6ecg039ea6da96c6f89b07s', 'el7c05cfe5c562887817201caf8b34440di', 50, '000130918401964000', '1', '2021-05-18 07:52:24', 5, '2021-05-18'),
('y0a0e4z051b4961c2a4b1f2ba30fd9b39cf', 'b0641f4e53a5a390104ec2d4ee31dr08b3l', 40, '000081103901224607', '1', '2021-05-17 08:58:57', 0, '2021-05-17'),
('y22262220rfef62839c6e7ad7351a58cb7t', 'e91134133c6eedabfk63063cffd6363f8bu', 20, '000207865803147042', '1', '2021-05-18 12:16:34', 5, '2021-05-18'),
('y788ba565d9ab123a8d29e46fd764bi41bz', 'e91134133c6eedabfk63063cffd6363f8bu', 31, '000207867503147059', '1', '2021-05-17 11:28:22', 0, '2021-05-17'),
('y80b5l1cbd4f97ec5ed6c6f1b1a41e6744d', 'me71b63cc7ca6dbc4bbf5487f70002ab74g', 5, '000210126803204116', '1', '2021-05-18 10:09:13', 0, '2021-05-18'),
('y89f6a0d5ibf6c33ae05444c0a77ce6d43l', 'vda8fda29bc5f349eb28df867sce70df1an', 20, '000199509303029013', '1', '2021-05-17 10:08:00', 0, '2021-05-17'),
('y948f11bf1f93632d9e1cf3caaf25f4c30a', 'lt75f06e4896b4e641dcdaf45b954a7ae2h', 60, '000087159601319628', '1', '2021-05-18 09:28:46', 5, '2021-05-18'),
('ya0e73ar1efa5a4b06cff14cd5347211eex', 'el7c05cfe5c562887817201caf8b34440di', 80, '000200977803043698', '1', '2021-05-18 11:16:43', 5, '2021-05-18'),
('yb8aaa74e04284e010e99eeb5c87e72al8s', 'x2f6be3ba0bb1f808au0d2f6de9b89ee7bw', 400, '000197906303012983', '2', '2021-05-18 14:21:51', 50, '2021-05-18'),
('yd807524acea97m2cb3df61d8c1126ddaan', 'e91134133c6eedabfk63063cffd6363f8bu', 13, '000212385803226706', '1', '2021-05-17 11:12:10', 0, '2021-05-17'),
('yda585b39093a8f9b28da2b5eb4e6e63c6s', 'e91134133c6eedabfk63063cffd6363f8bu', 10, '000207865803147042', '1', '2021-05-17 09:50:23', 0, '2021-05-17'),
('ydf39663zc7d38c68abb4a6d35474ea58fi', 'e91134133c6eedabfk63063cffd6363f8bu', 10, '000212738603230234', '1', '2021-05-17 13:25:22', 0, '2021-05-17');
INSERT INTO `history_payment_shop` (`id_history_pay`, `id_customer`, `amount`, `card_number`, `id_catagory`, `create_datetime`, `percent_customer`, `date_action`) VALUES
('ye14cb40br4a374072f1f3c448301e4b8ba', 'x2f6be3ba0bb1f808au0d2f6de9b89ee7bw', 400, '000211578703218635', '2', '2021-05-18 15:17:25', 50, '2021-05-18'),
('z2d540c4c34d80e601a7gebfc70600d5c6h', 'e91134133c6eedabfk63063cffd6363f8bu', 5, '000208122803149612', '1', '2021-05-17 11:08:53', 0, '2021-05-17'),
('z35b80c6b86e2120e504lfad4039c5388fi', 'vda8fda29bc5f349eb28df867sce70df1an', 20, '000067514301019783', '1', '2021-05-17 11:02:41', 0, '2021-05-17'),
('z78187cd7cef85827c75f16b539737ccecb', 'e91134133c6eedabfk63063cffd6363f8bu', 50, '000002214000022140', '1', '2021-05-17 14:47:58', 0, '2021-05-17'),
('z80258fdbfd182ee0b7b185075525c4b96b', 'e91134133c6eedabfk63063cffd6363f8bu', 20, '000207867503147059', '1', '2021-05-17 13:37:49', 0, '2021-05-17'),
('z981c7c2cb78d75f6c61b34d19bdda898fb', 'f5578k0721defa727e7d3c7113d91bb472x', 30, '000134722402036504', '2', '2021-05-18 11:06:54', 66, '2021-05-18'),
('z9afbc392cec7f37803ef0b9lf2957b416y', 'vda8fda29bc5f349eb28df867sce70df1an', 20, '000199085403024774', '1', '2021-05-18 11:25:28', 5, '2021-05-18'),
('z9ca98f78bc5cb8dd3a8bdaa1f2e18fd06j', 'e91134133c6eedabfk63063cffd6363f8bu', 14, '000207867503147059', '1', '2021-05-17 09:05:18', 0, '2021-05-17'),
('za0f0b9823s3b58cdd83c71ad6e23e22fbd', 'b0641f4e53a5a390104ec2d4ee31dr08b3l', 40, '000005393000053930', '1', '2021-05-17 11:41:17', 0, '2021-05-17'),
('za3334r6461cad4b8f567637875877fb22x', 'e91134133c6eedabfk63063cffd6363f8bu', 7, '000207867503147059', '1', '2021-05-17 11:48:49', 0, '2021-05-17'),
('za56b5db5f45adce118m522acbb6c54dcba', 'el7c05cfe5c562887817201caf8b34440di', 40, '000134964802038928', '1', '2021-05-18 11:57:49', 5, '2021-05-18'),
('zb00eb34e3eab5fe35a256c12138ecebe2s', 'g0a042835aefc5f7b4ae33ede6j30ba87cw', 60, '000201690903050829', '1', '2021-05-18 12:34:57', 5, '2021-05-18'),
('zc07de1d78bc9efc2e8er62203646f6b51w', 'el7c05cfe5c562887817201caf8b34440di', 30, '000199085903024779', '1', '2021-05-18 09:34:18', 5, '2021-05-18'),
('zd668d2ebf4b687dcee9aace4e8fob98dds', 'el7c05cfe5c562887817201caf8b34440di', 1, '000198113403015054', '1', '2021-05-18 07:30:12', 5, '2021-05-18'),
('zd7bfd10b6bbc5f33cf4186m96cb395d6al', 'vda8fda29bc5f349eb28df867sce70df1an', 40, '000220021903337531', '1', '2021-05-17 12:45:56', 0, '2021-05-17'),
('ze62fe6c52460c2fe549e281281b9e403ch', 'e91134133c6eedabfk63063cffd6363f8bu', 10, '000207747103145855', '1', '2021-05-17 09:24:55', 0, '2021-05-17'),
('ze81049229s5848dcd21f25503ea84d0c9c', 'el7c05cfe5c562887817201caf8b34440di', 60, '000200977803043698', '1', '2021-05-18 11:52:36', 5, '2021-05-18');

-- --------------------------------------------------------

--
-- Table structure for table `images`
--

CREATE TABLE `images` (
  `id_image` int(11) NOT NULL,
  `id_category` int(11) NOT NULL,
  `name_image` varchar(100) NOT NULL,
  `size` int(11) NOT NULL,
  `level` int(11) NOT NULL,
  `date_action` datetime NOT NULL
) ENGINE=InnoDB DEFAULT CHARSET=utf8;

-- --------------------------------------------------------

--
-- Table structure for table `image_category`
--

CREATE TABLE `image_category` (
  `id_catagory` int(11) NOT NULL,
  `name_catagory` varchar(100) NOT NULL,
  `name_catagory_en` varchar(100) NOT NULL,
  `date_catagory` datetime NOT NULL
) ENGINE=InnoDB DEFAULT CHARSET=utf8;

-- --------------------------------------------------------

--
-- Table structure for table `link_page`
--

CREATE TABLE `link_page` (
  `id_link` int(11) NOT NULL,
  `name` varchar(45) DEFAULT NULL,
  `table` varchar(100) DEFAULT NULL,
  `link` varchar(100) DEFAULT NULL
) ENGINE=InnoDB DEFAULT CHARSET=utf8;

-- --------------------------------------------------------

--
-- Table structure for table `mod_cashier`
--

CREATE TABLE `mod_cashier` (
  `id_cashier` varchar(35) NOT NULL,
  `forename` varchar(255) NOT NULL,
  `surename` varchar(255) NOT NULL,
  `id_card` varchar(13) NOT NULL,
  `license_number` varchar(45) NOT NULL,
  `email` varchar(100) NOT NULL,
  `telephone` varchar(45) DEFAULT NULL,
  `secondary_email` varchar(255) DEFAULT NULL,
  `status` tinyint(1) NOT NULL DEFAULT 2 COMMENT '1 = Active, 2 = Registered, 3 = Lock',
  `ticket_amount` decimal(10,2) DEFAULT NULL,
  `ticket_expire` date DEFAULT NULL,
  `create_id` varchar(35) NOT NULL,
  `create_datetime` datetime(6) NOT NULL,
  `update_id` varchar(35) DEFAULT NULL,
  `update_datetime` datetime(6) DEFAULT NULL,
  `delete_datetime` datetime DEFAULT NULL,
  `ip_cashier` text DEFAULT NULL,
  `print_cashier` text DEFAULT NULL
) ENGINE=InnoDB DEFAULT CHARSET=utf8 COMMENT='แคสเชียร์';

--
-- Dumping data for table `mod_cashier`
--

INSERT INTO `mod_cashier` (`id_cashier`, `forename`, `surename`, `id_card`, `license_number`, `email`, `telephone`, `secondary_email`, `status`, `ticket_amount`, `ticket_expire`, `create_id`, `create_datetime`, `update_id`, `update_datetime`, `delete_datetime`, `ip_cashier`, `print_cashier`) VALUES
('fb64r71a9754df0a8b4227e33c9c73107eg', 'Cashier03', 'Cashier03', '3333333333333', '', '3333@gmail.com', '333-3333-333', NULL, 2, NULL, NULL, 'x952ef7b81d11232f4d65ab4e0a761oe1cz', '2021-04-01 14:50:23.000000', 'x952ef7b81d11232f4d65ab4e0a761oe1cz', '2021-04-01 14:52:24.000000', NULL, '192.168.1.142', 'Cashier03'),
('i762ef554aa9j8a212e761871bc73058e5z', 'ส.ต.ท.สุรศักดิ์', 'ศรีชื่น', '1134013411134', '', 'a.0884651912@gmail.com', '095-9348-061', NULL, 2, NULL, NULL, 'r3423ec6c5732f4ce56a93fda578822yb8v', '2021-05-16 16:45:33.000000', 'r3423ec6c5732f4ce56a93fda578822yb8v', '2021-05-17 13:11:07.000000', NULL, '192.168.1.142', 'Cashier03'),
('l6cb5591de6ce759942x749b3bb729ffc0l', 'ทองดี', 'มีสุข', '0000000000000', '', 'test@gmail.com', '000-0000-000', NULL, 2, NULL, NULL, 'x952ef7b81d11232f4d65ab4e0a761oe1cz', '2021-04-01 02:54:15.000000', 'admin_max', '2021-04-01 14:56:36.000000', NULL, '192.168.1.141', 'Cashier01'),
('p859fd346368d77b0053ba1749b4a1eeabo', 'test', 'test', '1111111111111', '', 'test@test.com', '111-1111-111', NULL, 2, NULL, NULL, 'r3423ec6c5732f4ce56a93fda578822yb8v', '2021-05-17 08:11:46.000000', NULL, NULL, '2021-05-17 08:16:05', NULL, NULL),
('t58206e9c60d8fc36rb60cca0d69f94077p', 'ร.ต.ต.หญิงดวงเดือน', 'โตบุญเรือง', '3300101512521', '', 'nat2546@Gmail.com', '096-8817-211', NULL, 2, NULL, NULL, 'r3423ec6c5732f4ce56a93fda578822yb8v', '2021-05-16 16:52:26.000000', 'r3423ec6c5732f4ce56a93fda578822yb8v', '2021-05-17 13:11:29.000000', NULL, '192.168.1.142', 'Cashier03');

-- --------------------------------------------------------

--
-- Table structure for table `mod_cashier_sales_store`
--

CREATE TABLE `mod_cashier_sales_store` (
  `id` varchar(35) NOT NULL,
  `sales_store` int(35) NOT NULL,
  `sales_store_transfer` int(35) NOT NULL,
  `sales_store_paid` int(35) NOT NULL,
  `sales_store_total` int(35) NOT NULL,
  `date_action` date NOT NULL,
  `id_cashier` varchar(35) NOT NULL,
  `create_id` varchar(35) NOT NULL,
  `create_datetime` datetime NOT NULL
) ENGINE=InnoDB DEFAULT CHARSET=utf8;

-- --------------------------------------------------------

--
-- Table structure for table `mod_contact`
--

CREATE TABLE `mod_contact` (
  `id_mail` int(11) NOT NULL,
  `name` varchar(255) NOT NULL,
  `email` text NOT NULL,
  `subject` varchar(255) NOT NULL,
  `message` text NOT NULL,
  `send_datetime` datetime DEFAULT NULL,
  `status` int(11) NOT NULL
) ENGINE=InnoDB DEFAULT CHARSET=utf8;

-- --------------------------------------------------------

--
-- Table structure for table `mod_customer`
--

CREATE TABLE `mod_customer` (
  `id_customer` varchar(35) NOT NULL,
  `forename` varchar(255) NOT NULL,
  `surename` varchar(255) NOT NULL,
  `id_card` varchar(13) NOT NULL,
  `email` varchar(100) NOT NULL,
  `telephone` varchar(45) DEFAULT NULL,
  `secondary_email` varchar(255) DEFAULT NULL,
  `status` tinyint(1) NOT NULL DEFAULT 2 COMMENT '1 = Active, 2 = Registered, 3 = Lock',
  `id_catagory` varchar(100) NOT NULL,
  `ticket_amount` decimal(10,2) DEFAULT NULL,
  `ticket_expire` date DEFAULT NULL,
  `create_id` varchar(35) NOT NULL,
  `create_datetime` datetime(6) NOT NULL,
  `update_id` varchar(35) DEFAULT NULL,
  `update_datetime` datetime(6) DEFAULT NULL,
  `ip_customer` text DEFAULT NULL,
  `print_customer` text DEFAULT NULL,
  `percent_customer` int(11) NOT NULL DEFAULT 0,
  `delete_datetime` datetime DEFAULT NULL
) ENGINE=InnoDB DEFAULT CHARSET=utf8 COMMENT='ลูกค้า';

--
-- Dumping data for table `mod_customer`
--

INSERT INTO `mod_customer` (`id_customer`, `forename`, `surename`, `id_card`, `email`, `telephone`, `secondary_email`, `status`, `id_catagory`, `ticket_amount`, `ticket_expire`, `create_id`, `create_datetime`, `update_id`, `update_datetime`, `ip_customer`, `print_customer`, `percent_customer`, `delete_datetime`) VALUES
('b0641f4e53a5a390104ec2d4ee31dr08b3l', 'นางพรทิพย์  พงษ์สุระ', '', '3330700217578', '5555@gmail.com', '083-400-6581', NULL, 1, '1', NULL, NULL, 'x952ef7b81d11232f4d65ab4e0a761oe1cz', '2021-04-01 01:16:47.000000', 'r3423ec6c5732f4ce56a93fda578822yb8v', '2021-05-17 16:09:32.000000', '192.168.1.46', 'Shop05', 5, NULL),
('e91134133c6eedabfk63063cffd6363f8bu', 'ส.ต.อ.พยุงศักดิ์ สุนทร', '', '1349900218987', 'golf.blackman@gmail.com', '087-456-3768', NULL, 1, '1', NULL, NULL, 'x952ef7b81d11232f4d65ab4e0a761oe1cz', '2021-04-01 01:14:53.000000', 'r3423ec6c5732f4ce56a93fda578822yb8v', '2021-05-18 10:08:52.000000', '192.168.1.41', 'Shop01', 5, NULL),
('el7c05cfe5c562887817201caf8b34440di', 'ร.ต.ต.ฤกษ์ชัย  เเก้ววิเศษพรมมี', '', '3450100046364', 'efchrdyt@gmail.com', '097-153-6978', NULL, 1, '1', NULL, NULL, 'x952ef7b81d11232f4d65ab4e0a761oe1cz', '2021-04-01 01:17:07.000000', 'r3423ec6c5732f4ce56a93fda578822yb8v', '2021-05-17 16:09:04.000000', '192.168.1.47', 'Shop06', 5, NULL),
('f5578k0721defa727e7d3c7113d91bb472x', 'บาร์เบอร์ แอนด์ ซาลอน @ 22', '', '1102000548251', 'weerayut.pla57@ubru.ac.th', '098-623-2632', NULL, 1, '2', NULL, NULL, 'x952ef7b81d11232f4d65ab4e0a761oe1cz', '2021-05-16 11:43:38.000000', 'r3423ec6c5732f4ce56a93fda578822yb8v', '2021-05-18 13:53:25.000000', '192.168.1.52', 'Shop11', 66, NULL),
('g0a042835aefc5f7b4ae33ede6j30ba87cw', 'ส.ต.อ.ณัฐวุฒิ  วงศ์คำ', '', '1349900304263', '3333@gmail.com', '086-877-9832', NULL, 1, '1', NULL, NULL, 'x952ef7b81d11232f4d65ab4e0a761oe1cz', '2021-04-01 01:15:39.000000', 'r3423ec6c5732f4ce56a93fda578822yb8v', '2021-05-17 16:10:01.000000', '192.168.1.43', 'Shop03', 5, NULL),
('h56am7c71c61eea9b4ab465d651f1cb69bs', 'บาร์เบอร์ แอนด์ ซาลอน @ 22', '', '1102000548251', 'weerayut.pla57@ubru.ac.th', '098-623-2632', NULL, 2, '2', NULL, NULL, 'r3423ec6c5732f4ce56a93fda578822yb8v', '2021-05-16 16:59:17.000000', 'r3423ec6c5732f4ce56a93fda578822yb8v', '2021-05-16 17:00:46.000000', NULL, NULL, 33, '2021-05-17 07:28:44'),
('heeaa42206395ebcdadf44a5e4fa75fc99f', 'น.ส.วัชราภรณ์  โกศัลวัฒน์', '', '1349900202576', '1212@gmail.com', '085-026-1264', NULL, 1, '1', NULL, NULL, 'x952ef7b81d11232f4d65ab4e0a761oe1cz', '2021-05-16 11:44:08.000000', 'r3423ec6c5732f4ce56a93fda578822yb8v', '2021-05-18 13:53:13.000000', '192.168.1.53', 'Shop12', 0, NULL),
('j1nfc2f6d76e0458f239a74b28dff0b56dz', 'พ.ต.ต.หญิงเรไร  ภูศรี', '', '3440400333792', 'rerai35@gmail.com', '080-737-6006', NULL, 1, '1', NULL, NULL, 'x952ef7b81d11232f4d65ab4e0a761oe1cz', '2021-05-16 11:54:06.000000', 'r3423ec6c5732f4ce56a93fda578822yb8v', '2021-05-17 08:47:32.000000', '192.168.1.54', 'Shop13', 0, NULL),
('lb89b01ac028f7331b7dc97f1c3z17267ct', 'Shop07', '', '7777777777777', '7777@gmail.com', '777-777-7777', NULL, 1, '1', NULL, NULL, 'x952ef7b81d11232f4d65ab4e0a761oe1cz', '2021-04-01 01:17:27.000000', 'x952ef7b81d11232f4d65ab4e0a761oe1cz', '2021-04-01 15:36:59.000000', '192.168.1.48', 'Shop07', 0, NULL),
('lt75f06e4896b4e641dcdaf45b954a7ae2h', 'ร.ต.ต.หญิงกชกร  ชัยประโคน', '', '3349900774681', '4444@gmail.com', '062-196-5767', NULL, 1, '1', NULL, NULL, 'x952ef7b81d11232f4d65ab4e0a761oe1cz', '2021-04-01 01:16:25.000000', 'r3423ec6c5732f4ce56a93fda578822yb8v', '2021-05-17 16:10:15.000000', '192.168.1.44', 'Shop04', 5, NULL),
('me71b63cc7ca6dbc4bbf5487f70002ab74g', 'ส.ต.อ.ภาสกร  ศรีหาคลัง', '', '1230400069560', 'Passakorn220436@gmail.com', '097-086-4036', NULL, 1, '1', NULL, NULL, 'x952ef7b81d11232f4d65ab4e0a761oe1cz', '2021-05-16 11:36:50.000000', '', '2021-05-17 09:59:06.000000', '192.168.1.50', 'Shop09', 0, NULL),
('vda8fda29bc5f349eb28df867sce70df1an', 'ส.ต.ท.โสมนัส  ดอกดวง', '', '1349900717053', 'sommanat.dhu59@ubru.ac.th', '087-651-0899', NULL, 1, '1', NULL, NULL, 'x952ef7b81d11232f4d65ab4e0a761oe1cz', '2021-04-01 01:15:17.000000', 'r3423ec6c5732f4ce56a93fda578822yb8v', '2021-05-17 16:09:49.000000', '192.168.1.42', 'Shop02', 5, NULL),
('vdb8bee2cec911dad6c875a0632b507e1fn', 'Shop08', '', '8888888888888', '8888@gmail.com', '888-888-8888', NULL, 1, '1', NULL, NULL, 'x952ef7b81d11232f4d65ab4e0a761oe1cz', '2021-04-01 01:17:43.000000', 'x952ef7b81d11232f4d65ab4e0a761oe1cz', '2021-04-01 15:37:04.000000', '192.168.1.49', 'Shop08', 0, NULL),
('x2f6be3ba0bb1f808au0d2f6de9b89ee7bw', 'ร.ต.ท.หญิงเจนจิรา  เหตุผล', '', '1339900452122', '1010@gmail.com', '091-831-6091', NULL, 1, '2', NULL, NULL, 'x952ef7b81d11232f4d65ab4e0a761oe1cz', '2021-05-16 11:42:35.000000', 'r3423ec6c5732f4ce56a93fda578822yb8v', '2021-05-17 16:08:27.000000', '192.168.1.51', 'Shop10', 50, NULL),
('y396f4ac3b9085b8ecb715617a2dbb3c5cq', 'ส.ต.ต.หญิงณัฐณิชา  จันทร์สว่าง', '', '1341500330651', 'nattanicha@hotmail.com', '098-887-8624', NULL, 1, '1', NULL, NULL, 'x952ef7b81d11232f4d65ab4e0a761oe1cz', '2021-05-16 11:54:38.000000', 'r3423ec6c5732f4ce56a93fda578822yb8v', '2021-05-17 08:51:06.000000', '192.168.1.55', 'Shop14', 0, NULL);

-- --------------------------------------------------------

--
-- Table structure for table `mod_employee`
--

CREATE TABLE `mod_employee` (
  `id_employee` varchar(35) NOT NULL,
  `username` varchar(100) NOT NULL,
  `surname` varchar(100) NOT NULL,
  `username_en` varchar(100) NOT NULL,
  `surname_en` varchar(100) NOT NULL,
  `birthday` varchar(30) NOT NULL,
  `position` varchar(100) NOT NULL,
  `position_en` varchar(100) NOT NULL,
  `code_id` varchar(13) NOT NULL,
  `detail_employee` text NOT NULL,
  `detail_employee_en` text NOT NULL,
  `email` varchar(100) NOT NULL,
  `user_city` varchar(100) NOT NULL,
  `user_state` varchar(100) NOT NULL,
  `user_district` varchar(100) NOT NULL,
  `detail_city` varchar(200) NOT NULL,
  `tel` varchar(10) NOT NULL,
  `id_branch` varchar(35) NOT NULL,
  `address` varchar(255) NOT NULL,
  `district` varchar(255) NOT NULL,
  `amphures` varchar(255) NOT NULL,
  `province` varchar(255) NOT NULL,
  `zip_code` varchar(255) NOT NULL
) ENGINE=InnoDB DEFAULT CHARSET=utf8;

--
-- Dumping data for table `mod_employee`
--

INSERT INTO `mod_employee` (`id_employee`, `username`, `surname`, `username_en`, `surname_en`, `birthday`, `position`, `position_en`, `code_id`, `detail_employee`, `detail_employee_en`, `email`, `user_city`, `user_state`, `user_district`, `detail_city`, `tel`, `id_branch`, `address`, `district`, `amphures`, `province`, `zip_code`) VALUES
('r3423ec6c5732f4ce56a93fda578822yb8v', 'พ.ต.ท.หญิงดวงใจ ', 'รัตนบำรุง', '', '', '2021-04-01', '', '', '3340900381312', '', '', 'krooli_hunsa@hotmail.com', '', '', '', '', '0878752160', '', '', '', '', '', ''),
('x952ef7b81d11232f4d65ab4e0a761oe1cz', 'Admin', 'admin', '', '', '2021-04-01', 'Admin', '', '0000000000000', '', '', 'admin@gmail.com', '', '', '', '', '0000000000', '', '', '', '', '', '');

-- --------------------------------------------------------

--
-- Table structure for table `mod_employee_image`
--

CREATE TABLE `mod_employee_image` (
  `id_image` int(11) NOT NULL,
  `name_image` varchar(100) NOT NULL,
  `size` varchar(100) NOT NULL,
  `date_image` datetime NOT NULL,
  `id_employee` varchar(35) NOT NULL,
  `directory` varchar(255) DEFAULT NULL
) ENGINE=InnoDB DEFAULT CHARSET=utf8;

--
-- Dumping data for table `mod_employee_image`
--

INSERT INTO `mod_employee_image` (`id_image`, `name_image`, `size`, `date_image`, `id_employee`, `directory`) VALUES
(1, 'EM-0104211713.png', '197652', '2021-04-01 01:13:22', 'x952ef7b81d11232f4d65ab4e0a761oe1cz', 'uploads/2021/employee/');

-- --------------------------------------------------------

--
-- Table structure for table `mod_sales_store`
--

CREATE TABLE `mod_sales_store` (
  `sales_store_id` varchar(35) NOT NULL,
  `sales_store_shop` double NOT NULL,
  `sales_store_percent` double NOT NULL,
  `sales_store_total` double NOT NULL,
  `date_action` date NOT NULL,
  `id_customer` varchar(35) NOT NULL,
  `create_id` varchar(35) NOT NULL,
  `create_datetime` datetime NOT NULL
) ENGINE=InnoDB DEFAULT CHARSET=utf8;

-- --------------------------------------------------------

--
-- Table structure for table `percent_customer_history`
--

CREATE TABLE `percent_customer_history` (
  `percent_cus_id` varchar(35) NOT NULL,
  `percent_customer` int(11) NOT NULL,
  `create_datetime` datetime NOT NULL,
  `id_customer` varchar(35) NOT NULL,
  `create_id` varchar(35) NOT NULL
) ENGINE=InnoDB DEFAULT CHARSET=utf8;

--
-- Dumping data for table `percent_customer_history`
--

INSERT INTO `percent_customer_history` (`percent_cus_id`, `percent_customer`, `create_datetime`, `id_customer`, `create_id`) VALUES
('e05a74a40abd18c2c2f187bea699e76945d', 5, '2021-05-17 16:09:49', 'vda8fda29bc5f349eb28df867sce70df1an', 'r3423ec6c5732f4ce56a93fda578822yb8v'),
('mbd60615d49bf6855aaa389b39e3964a80v', 33, '2021-05-16 17:00:46', 'h56am7c71c61eea9b4ab465d651f1cb69bs', 'r3423ec6c5732f4ce56a93fda578822yb8v'),
('me40b45838925d45e954be316c7002e256d', 50, '2021-05-17 16:08:27', 'x2f6be3ba0bb1f808au0d2f6de9b89ee7bw', 'r3423ec6c5732f4ce56a93fda578822yb8v'),
('n6387e45f0693d4w6ea156f6958f89f799f', 33, '2021-05-17 16:42:15', 'f5578k0721defa727e7d3c7113d91bb472x', 'r3423ec6c5732f4ce56a93fda578822yb8v'),
('nf08daa06a313zbfbc30f9aea2f6fc5dc1d', 5, '2021-05-17 16:10:01', 'g0a042835aefc5f7b4ae33ede6j30ba87cw', 'r3423ec6c5732f4ce56a93fda578822yb8v'),
('q0c9157b0271d8cd71e02b435c57f6eb4ek', 5, '2021-05-18 10:08:52', 'e91134133c6eedabfk63063cffd6363f8bu', 'r3423ec6c5732f4ce56a93fda578822yb8v'),
('r086c00nb112021bb923121939a1beb78eo', 5, '2021-05-17 16:09:04', 'el7c05cfe5c562887817201caf8b34440di', 'r3423ec6c5732f4ce56a93fda578822yb8v'),
('t2c434b83fa3759fccf9b980b26ee7269gp', 50, '2021-05-16 17:00:18', 'h56am7c71c61eea9b4ab465d651f1cb69bs', 'r3423ec6c5732f4ce56a93fda578822yb8v'),
('t4dcea6fb2acf4367945f417ab9ae28fc4t', 5, '2021-05-17 16:09:32', 'b0641f4e53a5a390104ec2d4ee31dr08b3l', 'r3423ec6c5732f4ce56a93fda578822yb8v'),
('x23f1714690f2474222fade0c5a7dbe3ahj', 5, '2021-05-17 16:10:15', 'lt75f06e4896b4e641dcdaf45b954a7ae2h', 'r3423ec6c5732f4ce56a93fda578822yb8v'),
('xb46cwe44c5d40586756b7271da78fd42bm', 66, '2021-05-17 16:42:51', 'f5578k0721defa727e7d3c7113d91bb472x', 'r3423ec6c5732f4ce56a93fda578822yb8v'),
('z85eead38efg30cbb9c1d5b656a477179ey', 0, '2021-05-17 07:31:55', 'e91134133c6eedabfk63063cffd6363f8bu', 'r3423ec6c5732f4ce56a93fda578822yb8v');

-- --------------------------------------------------------

--
-- Table structure for table `permissions`
--

CREATE TABLE `permissions` (
  `id_perm` int(11) NOT NULL,
  `name` varchar(50) NOT NULL,
  `del_flg` tinyint(1) NOT NULL DEFAULT 0 COMMENT '1 = Deleted'
) ENGINE=InnoDB DEFAULT CHARSET=utf8;

--
-- Dumping data for table `permissions`
--

INSERT INTO `permissions` (`id_perm`, `name`, `del_flg`) VALUES
(1, 'Create', 0),
(2, 'View', 0),
(3, 'Update', 0),
(4, 'Delete', 0),
(5, 'Download', 0),
(6, 'Upload', 0),
(7, 'Print', 0),
(8, 'Approval', 0);

-- --------------------------------------------------------

--
-- Table structure for table `product`
--

CREATE TABLE `product` (
  `id_product` varchar(35) NOT NULL,
  `name_product` varchar(100) NOT NULL,
  `name_product_en` varchar(100) DEFAULT NULL,
  `product_code` varchar(35) NOT NULL,
  `detail_product` text DEFAULT NULL,
  `detail_product_en` text DEFAULT NULL,
  `date_add` datetime NOT NULL,
  `date_edit` datetime DEFAULT NULL,
  `id_customer` varchar(35) NOT NULL,
  `view` int(11) NOT NULL DEFAULT 1 COMMENT 'จะให้แสดงสินค้านั้นหรือไม่',
  `delete_datetime` datetime DEFAULT NULL,
  `create_id` varchar(35) NOT NULL,
  `update_id` varchar(35) DEFAULT NULL
) ENGINE=InnoDB DEFAULT CHARSET=utf8;

--
-- Dumping data for table `product`
--

INSERT INTO `product` (`id_product`, `name_product`, `name_product_en`, `product_code`, `detail_product`, `detail_product_en`, `date_add`, `date_edit`, `id_customer`, `view`, `delete_datetime`, `create_id`, `update_id`) VALUES
('1234', 'test test', 'tesst ', '', NULL, NULL, '2021-02-22 00:30:57', NULL, 'n7c6e8b70f0ba30c5eba6e79e23ccd7978q', 1, NULL, '', NULL);

-- --------------------------------------------------------

--
-- Table structure for table `product_catagory`
--

CREATE TABLE `product_catagory` (
  `id_catagory` int(11) NOT NULL,
  `name_catagory_th` varchar(100) NOT NULL,
  `name_catagory_en` varchar(100) NOT NULL,
  `description_th` text DEFAULT NULL,
  `description_en` text DEFAULT NULL,
  `create_datetime` datetime NOT NULL,
  `group_sub` varchar(100) NOT NULL,
  `icon` varchar(100) NOT NULL,
  `image` varchar(100) NOT NULL,
  `level` int(11) NOT NULL,
  `order` int(11) DEFAULT NULL,
  `create_id` varchar(35) NOT NULL,
  `delete_datetime` datetime DEFAULT NULL,
  `update_datetime` datetime DEFAULT NULL
) ENGINE=InnoDB DEFAULT CHARSET=utf8;

--
-- Dumping data for table `product_catagory`
--

INSERT INTO `product_catagory` (`id_catagory`, `name_catagory_th`, `name_catagory_en`, `description_th`, `description_en`, `create_datetime`, `group_sub`, `icon`, `image`, `level`, `order`, `create_id`, `delete_datetime`, `update_datetime`) VALUES
(1, 'สินค้า', '', '', '', '2021-02-21 20:39:18', '', '', '', 1, 1, '', NULL, '2021-03-29 00:18:39'),
(2, 'บริการ', '', '', '', '2021-02-21 20:39:51', '', '', '', 1, 2, '', NULL, '2021-02-21 20:39:57');

-- --------------------------------------------------------

--
-- Table structure for table `product_image`
--

CREATE TABLE `product_image` (
  `id_image` varchar(35) NOT NULL,
  `name_image` varchar(100) NOT NULL,
  `size_image` int(11) NOT NULL,
  `date_image` varchar(100) NOT NULL,
  `active` varchar(100) NOT NULL DEFAULT '1',
  `id_product` varchar(35) NOT NULL
) ENGINE=InnoDB DEFAULT CHARSET=utf8;

--
-- Dumping data for table `product_image`
--

INSERT INTO `product_image` (`id_image`, `name_image`, `size_image`, `date_image`, `active`, `id_product`) VALUES
('123', 'EM-2601211657.png', 0, '../../uploads/2021/employee/', '1', 'n7c6e8b70f0ba30c5eba6e79e23ccd7978q');

-- --------------------------------------------------------

--
-- Table structure for table `property`
--

CREATE TABLE `property` (
  `id_property` int(11) NOT NULL,
  `name_th` varchar(255) NOT NULL,
  `name_en` varchar(255) NOT NULL,
  `description_th` text DEFAULT NULL,
  `description_en` text DEFAULT NULL,
  `order` int(11) DEFAULT NULL,
  `image` varchar(100) DEFAULT NULL,
  `directory` varchar(100) DEFAULT NULL,
  `create_id` varchar(35) NOT NULL,
  `create_datetime` datetime(6) NOT NULL,
  `update_id` varchar(35) DEFAULT NULL,
  `update_datetime` datetime(6) DEFAULT NULL,
  `delete_datetime` datetime DEFAULT NULL
) ENGINE=InnoDB DEFAULT CHARSET=utf8;

-- --------------------------------------------------------

--
-- Table structure for table `roles`
--

CREATE TABLE `roles` (
  `id_role` varchar(35) NOT NULL,
  `name` varchar(50) NOT NULL,
  `tag` varchar(255) DEFAULT NULL,
  `update_datetime` datetime NOT NULL,
  `delete_datetime` datetime DEFAULT NULL
) ENGINE=InnoDB DEFAULT CHARSET=utf8;

--
-- Dumping data for table `roles`
--

INSERT INTO `roles` (`id_role`, `name`, `tag`, `update_datetime`, `delete_datetime`) VALUES
('o08f223d416f41274a85b5cc7f9bc6l777m', 'Back Office', 'mod_employee', '2021-04-01 02:51:53', NULL),
('tecc7b75da4a064e697280w10c55d043cby', 'ร้านค้า', 'mod_customer', '2021-04-01 01:02:48', NULL),
('vbjc0debfdecb8a769aa1d9d5fdcaca5dch', 'แคชเชียร์', 'mod_cashier', '2021-04-01 01:03:16', NULL);

-- --------------------------------------------------------

--
-- Table structure for table `role_permissions`
--

CREATE TABLE `role_permissions` (
  `id_role_perm` int(11) NOT NULL,
  `id_role` varchar(35) NOT NULL,
  `id_system` int(11) NOT NULL,
  `permissions` text NOT NULL
) ENGINE=InnoDB DEFAULT CHARSET=utf8;

--
-- Dumping data for table `role_permissions`
--

INSERT INTO `role_permissions` (`id_role_perm`, `id_role`, `id_system`, `permissions`) VALUES
(169, 'tecc7b75da4a064e697280w10c55d043cby', 19, '1, 2, 3, 4, 5, 6, 7, 8'),
(170, 'tecc7b75da4a064e697280w10c55d043cby', 20, '1, 2, 3, 4, 5, 6, 7, 8'),
(171, 'vbjc0debfdecb8a769aa1d9d5fdcaca5dch', 21, '1, 2, 3, 4, 5, 6, 7, 8'),
(172, 'vbjc0debfdecb8a769aa1d9d5fdcaca5dch', 22, '1, 2, 3, 4, 5, 6, 7, 8'),
(173, 'vbjc0debfdecb8a769aa1d9d5fdcaca5dch', 23, '1, 2, 3, 4, 5, 6, 7, 8'),
(174, 'vbjc0debfdecb8a769aa1d9d5fdcaca5dch', 24, '1, 2, 3, 4, 5, 6, 7, 8'),
(175, 'o08f223d416f41274a85b5cc7f9bc6l777m', 25, '1, 2, 3, 4, 5, 6, 7, 8'),
(176, 'o08f223d416f41274a85b5cc7f9bc6l777m', 26, '1, 2, 3, 4, 5, 6, 7, 8'),
(177, 'o08f223d416f41274a85b5cc7f9bc6l777m', 28, '1, 2, 3, 4, 5, 6, 7, 8'),
(178, 'o08f223d416f41274a85b5cc7f9bc6l777m', 29, '1, 2, 3, 4, 5, 6, 7, 8'),
(179, 'o08f223d416f41274a85b5cc7f9bc6l777m', 30, '1, 2, 3, 4, 5, 6, 7, 8'),
(180, 'o08f223d416f41274a85b5cc7f9bc6l777m', 33, '1, 2, 3, 4, 5, 6, 7, 8'),
(181, 'o08f223d416f41274a85b5cc7f9bc6l777m', 34, '1, 2, 3, 4, 5, 6, 7, 8'),
(182, 'o08f223d416f41274a85b5cc7f9bc6l777m', 35, '1, 2, 3, 4, 5, 6, 7, 8'),
(183, 'o08f223d416f41274a85b5cc7f9bc6l777m', 36, '1, 2, 3, 4, 5, 6, 7, 8'),
(184, 'o08f223d416f41274a85b5cc7f9bc6l777m', 37, '1, 2, 3, 4, 5, 6, 7, 8'),
(185, 'o08f223d416f41274a85b5cc7f9bc6l777m', 32, '1, 2, 3, 4, 5, 6, 7, 8');

-- --------------------------------------------------------

--
-- Table structure for table `settings`
--

CREATE TABLE `settings` (
  `id` int(11) NOT NULL,
  `name` varchar(255) NOT NULL DEFAULT '',
  `value` text DEFAULT NULL,
  `updated_datetime` timestamp NULL DEFAULT NULL
) ENGINE=InnoDB DEFAULT CHARSET=utf8;

--
-- Dumping data for table `settings`
--

INSERT INTO `settings` (`id`, `name`, `value`, `updated_datetime`) VALUES
(1, 'telephon', '081-919-0276', NULL),
(2, 'email', 'explem@gmail.com', '2021-05-16 09:47:43'),
(3, 'address', '40 Street Thailand', NULL),
(4, 'logo_img', '../../uploads/2021/logo/logo-0104214682.png', '2021-03-31 17:07:29'),
(5, 'scores_CE', '85', '2020-02-27 01:44:15'),
(6, 'veterinary_council', '1', '2020-02-27 01:44:15'),
(7, 'partner', '1', '2020-02-27 01:44:15'),
(8, 'lecturer', '2', '2020-02-27 01:44:15'),
(9, 'longitude', '', '2020-02-27 01:44:15'),
(10, 'latitude', '', '2020-02-27 01:44:15'),
(11, 'keyworde_en', 'Unofence, the manufacturer and distributor of Korat prefabricated steel fence products Finished balcony railing Finished railing Finished door Baked iron fence Colored iron fence with arrowhead Baked iron fence, buried in the ground Metal sheet fence Welded Mesh Fence Straight balcony railing Curved balcony railing Color slide baking door Curved slide door Double slide door Color swing oven door Baked door Finished door frame Painted steel pool fence Steel fence panels Unofence', '2021-05-16 09:47:43'),
(12, 'description_en', 'Unofence, the manufacturer and distributor of Korat prefabricated steel fence products Finished balcony railing Finished railing Finished door Baked iron fence Colored iron fence with arrowhead Baked iron fence, buried in the ground Metal sheet fence Welded Mesh Fence Straight balcony railing Curved balcony railing Color slide baking door Curved slide door Double slide door Color swing oven door Baked door Finished door frame Painted steel pool fence Steel fence panels Unofence', '2021-05-16 09:47:43'),
(13, 'title_en', 'Unofence | manufacturer and distributor Prefabricated steel fence Finished balcony railing Finished railing Finished door', '2021-05-16 09:47:43'),
(14, 'address_en', 'Head office: 737 Sport Klang Road, Nai Mueang Subdistrict, Mueang District, Nakhon Ratchasima Province 30000', '2021-05-16 09:47:43'),
(15, 'name_en', 'Unofence', '2021-05-16 09:47:43'),
(16, 'email', 'explem@gmail.com', '2021-05-16 09:47:43'),
(17, 'keyworde_th', 'ระบบศูนย์อาหารสโมสรดำรงราช', '2021-05-16 09:47:43'),
(18, 'description_th', 'ระบบศูนย์อาหารสโมสรดำรงราช', '2021-05-16 09:47:43'),
(19, 'title_th', 'ระบบศูนย์อาหารสโมสรดำรงราช', '2021-05-16 09:47:43'),
(20, 'address_th', '513 ถนนชยางกูร ตำบลในเมือง อำเภอเมือง จังหวัด อุบลราชธานี  34000', '2021-05-16 09:47:43'),
(21, 'name_th', 'สโมสรดำรงราช', '2021-05-16 09:47:43'),
(22, 'name_th', 'สโมสรดำรงราช', '2021-05-16 09:47:43'),
(23, 'tax_id', '1245345678945', '2020-01-23 09:27:04'),
(24, 'telephone', '0878752160', '2021-05-16 09:47:43'),
(25, 'random_banner', '0', '2021-05-16 09:47:43'),
(26, 'head_title', 'ระบบศูนย์อาหารสโมสรดำรงราช', '2021-05-16 09:47:43'),
(27, 'head_title_mini', 'สโมสรดำรงราช', '2021-05-16 09:47:43'),
(28, 'merchantid', '', '2020-02-27 01:44:15'),
(29, 'google_map_key', 'https://www.google.com/maps/embed?pb=!1m14!1m8!1m3!1d7707.91046959502!2d102.107902!3d14.99519!3m2!1i1024!2i768!4f13.1!3m3!1m2!1s0x0%3A0x8d7dab9510666d4d!2z4Lia4Lij4Li04Lip4Lix4LiXIOC4l-C4teC5gOC4reC5h-C4meC5gOC4reC4qiDguYHguIHguKPguJnguJTguYwg4LiU4Li14LmE4LiL4LiZ4LmMIOC4iOC4s-C4geC4seC4lA!5e0!3m2!1sth!2sth!4v1602571637912!5m2!1sth!2sth', '2021-05-16 09:47:43'),
(30, 'time_open_f', '90', NULL),
(31, 'email2', '', '2021-01-25 07:02:11'),
(32, 'telephone2', '0812822424', '2021-05-16 09:47:43'),
(33, 'detail_th', '&lt;p&gt;ระบบศูนย์อาหารสโมสรดำรงราช&lt;/p&gt;', '2021-05-16 09:47:43'),
(34, 'detail_en', '&lt;p&gt;Committed to improving quality and service In order for our customers to get products with modern design, beautiful, durable, reasonable price according to the Modern Zen philosophy, we aim for long-term success with our quality team.We are ready to serve everyone with speed, courteousness.&lt;/p&gt;', '2021-05-16 09:47:43'),
(35, 'logo_img2', '../../uploads/2021/logo/logo-3103218293.jpg', '2021-03-31 13:05:12');

-- --------------------------------------------------------

--
-- Table structure for table `slide`
--

CREATE TABLE `slide` (
  `id_slide` int(11) NOT NULL,
  `name_slide` varchar(100) NOT NULL,
  `name_slide_en` varchar(100) NOT NULL,
  `text` text NOT NULL,
  `text_en` varchar(100) NOT NULL,
  `date` date NOT NULL,
  `level` int(11) NOT NULL
) ENGINE=InnoDB DEFAULT CHARSET=utf8;

-- --------------------------------------------------------

--
-- Table structure for table `slide_image`
--

CREATE TABLE `slide_image` (
  `id_image` int(11) NOT NULL,
  `name_image` varchar(100) NOT NULL,
  `size` int(11) NOT NULL,
  `date` date NOT NULL,
  `id_slide` int(11) NOT NULL
) ENGINE=InnoDB DEFAULT CHARSET=utf8;

-- --------------------------------------------------------

--
-- Table structure for table `system`
--

CREATE TABLE `system` (
  `id_system` int(11) NOT NULL,
  `name_system` varchar(100) NOT NULL,
  `name_system_en` varchar(100) NOT NULL,
  `link_system` varchar(100) NOT NULL,
  `type` tinyint(1) NOT NULL,
  `groups` int(11) NOT NULL,
  `sort` double NOT NULL,
  `level` int(11) NOT NULL,
  `icon` varchar(100) NOT NULL,
  `create_date` date NOT NULL,
  `update_date` date NOT NULL
) ENGINE=InnoDB DEFAULT CHARSET=utf8;

--
-- Dumping data for table `system`
--

INSERT INTO `system` (`id_system`, `name_system`, `name_system_en`, `link_system`, `type`, `groups`, `sort`, `level`, `icon`, `create_date`, `update_date`) VALUES
(19, 'ชำระเงิน', '', 'mod_shopmenu/front_manage.php', 1, 0, 1, 1, '<i class=\"mdi mdi-food-fork-drink\"></i>', '2021-04-01', '2021-04-01'),
(20, 'ประวัติการชำระเงิน', '', 'mod_shophistory/front_manage.php', 1, 0, 2, 1, '<i class=\"fas fa-history\"></i>', '2021-04-01', '2021-04-01'),
(21, 'ซื้อบัตร / เติมเงิน', '', 'mod_cashier/front_manage.php', 1, 0, 3, 1, '<i class=\"mdi mdi-credit-card-plus\"></i>', '2021-04-01', '2021-04-01'),
(22, 'คืนบัตร', '', 'mod_cashier/return_card.php', 1, 0, 4, 1, '<i class=\"mdi mdi-credit-card-off\"></i>', '2021-04-01', '2021-04-01'),
(23, 'สรุปยอดรายวัน', '', 'mod_cashier/summary.php', 1, 0, 5, 1, '<i class=\"mdi mdi-history\"></i>', '2021-04-01', '2021-04-01'),
(24, 'สรุปยอดรายการย้อนหลัง', '', 'mod_cashier_history/front_manage.php', 1, 0, 6, 1, '<i class=\"mdi mdi-chart-histogram\"></i>', '2021-04-01', '2021-04-01'),
(25, 'บริหารงานบุคคล', '', 'mod_employee/front-manage.php', 1, 0, 7, 1, '<i class=\"fas fa-sitemap\"></i>', '2021-04-01', '2021-04-01'),
(26, 'ตั้งค่าการใช้งาน', '', '#', 1, 0, 8, 1, '<i class=\"fas fa-lock\"></i>', '2021-04-01', '2021-04-01'),
(27, 'กลุ่มผู้ใช้งาน', '', 'mod_role/front-manage.php', 1, 26, 0, 2, '<i class=\"fas fa-users\"></i>', '2021-04-01', '2021-04-01'),
(28, 'สิทธิ์การใช้งาน', '', 'mod_permission/front-manage.php', 1, 26, 0, 2, '<i class=\"fas fa-lock-open\"></i>', '2021-04-01', '2021-04-01'),
(29, 'จัดการร้านค้า', '', '#', 1, 0, 9, 1, '<i class=\"fas fa-shopping-bag\"></i>', '2021-04-01', '2021-04-01'),
(30, 'ร้านค้า', '', 'mod_customer/front_manage.php', 1, 29, 0, 2, '<i class=\"mdi mdi-shopping-music\"></i>', '2021-04-01', '2021-04-01'),
(31, 'หมวดหมู่ร้านค้า', '', 'mod_category/front_manage.php', 1, 29, 0, 2, '<i class=\"fas fa-list-alt\"></i>', '2021-04-01', '2021-04-01'),
(32, 'จัดการส่วนกลาง', '', 'mod_central_information/front_manage.php', 2, 0, 10, 1, '<i class=\"mdi mdi-settings\"></i>', '2021-04-01', '2021-04-01'),
(33, 'จัดการบัตร', '', 'mod_card/front_manage.php', 1, 0, 12, 1, '<i class=\"mdi mdi-credit-card\"></i>', '2021-04-01', '2021-04-01'),
(34, 'รายรับ - รายจ่าย', '', '#', 1, 0, 13, 1, '<i class=\"mdi mdi-coin\"></i>', '2021-04-01', '2021-04-01'),
(35, 'รายงานยอดเงิน Cashier', '', 'mod_cashier_balance_report/front_manage.php', 1, 34, 14, 2, '<i class=\"fas fa-piggy-bank\"></i>', '2021-04-01', '2021-04-01'),
(36, 'รายงานยอดขาย ร้านค้า', '', 'mod_shop_report/front_manage.php', 1, 34, 15, 2, '<i class=\"mdi mdi-bank\"></i>', '2021-04-01', '2021-04-01'),
(37, 'จัดการแคชเชียร์', '', 'mod_cashier_add/front_manage.php', 1, 0, 11, 1, '<i class=\"fas fa-barcode\"></i>', '2021-04-01', '2021-04-01');

-- --------------------------------------------------------

--
-- Table structure for table `users`
--

CREATE TABLE `users` (
  `id_user` varchar(35) NOT NULL,
  `user_name` varchar(255) NOT NULL,
  `user_password` varchar(255) NOT NULL,
  `user_email` varchar(255) DEFAULT NULL,
  `id_role` varchar(35) NOT NULL DEFAULT '',
  `create_datetime` datetime NOT NULL,
  `last_login` datetime DEFAULT NULL,
  `last_logout` datetime DEFAULT NULL,
  `passwd_changed` datetime DEFAULT NULL,
  `update_datetime` datetime NOT NULL,
  `delete_datetime` datetime DEFAULT NULL,
  `admin` tinyint(1) NOT NULL DEFAULT 0 COMMENT '1 = Admin',
  `status` tinyint(1) NOT NULL DEFAULT 1 COMMENT '1 = Active, 2 = Registered, 3 = Lock',
  `token` varchar(255) DEFAULT NULL,
  `id_data_role` varchar(35) NOT NULL
) ENGINE=InnoDB DEFAULT CHARSET=utf8;

--
-- Dumping data for table `users`
--

INSERT INTO `users` (`id_user`, `user_name`, `user_password`, `user_email`, `id_role`, `create_datetime`, `last_login`, `last_logout`, `passwd_changed`, `update_datetime`, `delete_datetime`, `admin`, `status`, `token`, `id_data_role`) VALUES
('a53deb97be9b18bfh743f3d18e4197a349y', '192.168.1.42', '$2y$10$xgNH4UEetyu2LUt1hrBIQ.jESbnesw.SR2CI/IidXJxlFxH/xYvFy', NULL, 'tecc7b75da4a064e697280w10c55d043cby', '2021-04-01 02:24:41', '2021-05-18 13:39:27', '2021-05-16 11:40:41', NULL, '2021-04-01 10:25:35', NULL, 0, 1, '4f8e3323c79e55f9f7da3dcf98d5308d', 'vda8fda29bc5f349eb28df867sce70df1an'),
('c3e4e3c777dcd30c270feba59pd4f79896e', 'test', '$2y$10$puIIVB5oMOEQnI87SjX87u30YsWwHCB33KKkhtQOhBK.6tdLwZLKe', NULL, 'vbjc0debfdecb8a769aa1d9d5fdcaca5dch', '2021-04-01 02:55:09', '2021-05-16 12:12:06', '2021-05-16 12:12:46', NULL, '0000-00-00 00:00:00', NULL, 0, 1, '68c348e2df808fc2f94c357d603bbfa5', 'l6cb5591de6ce759942x749b3bb729ffc0l'),
('d0c091ad60215c9078a640eb7fa0e132bdz', '192.168.1.52', '$2y$10$XTORb/c5.RMpbvv.lU7UN.ikEjdifr30WPA7z2MTuoaz820ixm1D6', NULL, 'tecc7b75da4a064e697280w10c55d043cby', '2021-05-16 11:55:56', '2021-05-18 15:23:23', '0000-00-00 00:00:00', NULL, '0000-00-00 00:00:00', NULL, 0, 1, 'ef9fa5ff06bd9f7466e06cb8ef57fdb1', 'f5578k0721defa727e7d3c7113d91bb472x'),
('i34fb36ac6808410ad9e1ab0e7ff22ffe0b', '192.168.1.43', '$2y$10$l9e4YfzlQGYc32B.aRAQaOqs4pqO3wxMIkskEsOF5BNO5MrrPl8Nu', NULL, 'tecc7b75da4a064e697280w10c55d043cby', '2021-04-01 02:25:04', '2021-05-18 13:02:34', '2021-05-17 14:16:58', NULL, '2021-04-01 10:25:33', NULL, 0, 1, '35ea91eec188c3a0c939620317e585c7', 'g0a042835aefc5f7b4ae33ede6j30ba87cw'),
('i4a66201a9b5d8e7ee069213e3e3caf03aj', '192.168.1.54', '$2y$10$Q/8Hgh6vA.1agm1A82RQ6eAQIiRQykcvUAGEkWRBg2zRg3/iEncTi', NULL, 'tecc7b75da4a064e697280w10c55d043cby', '2021-05-16 11:57:55', '2021-05-16 16:32:38', '0000-00-00 00:00:00', NULL, '0000-00-00 00:00:00', NULL, 0, 1, 'd91095b5a221a92b78fad6224dc66d9b', 'j1nfc2f6d76e0458f239a74b28dff0b56dz'),
('ibdcd8bf610b7456b42d326bb2o7ab472be', 'Cashier', '$2y$10$4yZ4svZkSUdllFo148hLueaOBqd.xl8d26EXcxifbGqcucq61EXNy', NULL, 'vbjc0debfdecb8a769aa1d9d5fdcaca5dch', '2021-04-01 14:51:00', '2021-05-17 09:09:09', '2021-05-17 09:09:35', NULL, '0000-00-00 00:00:00', NULL, 0, 1, 'af8b5411657dcfd8fed90de56b4ed51d', 'fb64r71a9754df0a8b4227e33c9c73107eg'),
('j7a4c6eg112c11e14c1b4406938ed4dbb0k', '192.168.1.55', '$2y$10$mU0ZT0aozv2mOYlMrzJ6SOMe078yrWYpUqoQd5QxW.NBZjSQoltbi', NULL, 'tecc7b75da4a064e697280w10c55d043cby', '2021-05-16 11:58:14', '2021-05-16 16:42:56', '0000-00-00 00:00:00', NULL, '0000-00-00 00:00:00', NULL, 0, 1, 'b482e501e80086bb86de1ceeb745a6b6', 'y396f4ac3b9085b8ecb715617a2dbb3c5cq'),
('k29534aa2e72272adb92da84b3d78c1fdcl', 'ดำรงราช', '$2y$10$lgsWBU8zT0/rejpd6isKM.mAO0FT9zpUmv2B/jU5PkNuYDeCM8jTK', 'krooli_hunsa@hotmail.com', 'o08f223d416f41274a85b5cc7f9bc6l777m', '2021-04-01 16:17:46', '2021-05-18 13:52:39', '2021-05-18 13:45:32', NULL, '2021-05-17 09:20:26', NULL, 0, 1, 'eb19bf8c212c689b768939850dfe04ec', 'r3423ec6c5732f4ce56a93fda578822yb8v'),
('k3311b544b6d1f2f60205t9e905aa044d9v', '192.168.1.50', '$2y$10$th08uA457OwnoFfOQeyz0e0928bHwPARTuUXQ9Mq0GIZeokLmjc0i', NULL, 'tecc7b75da4a064e697280w10c55d043cby', '2021-05-16 11:40:53', '2021-05-18 11:59:35', '2021-05-16 13:00:25', NULL, '0000-00-00 00:00:00', NULL, 0, 1, 'c36f70161f5429b231afd49942e90149', 'me71b63cc7ca6dbc4bbf5487f70002ab74g'),
('k5c1a67703247d9a4c79716778fcga7acdy', '192.168.1.46', '$2y$10$1xXi5enGHXxCZmpTyOx9le7EYZ2/bGAYaZVr6XPJlpt5v2b6Cg.Yi', NULL, 'tecc7b75da4a064e697280w10c55d043cby', '2021-04-01 02:25:45', '2021-05-17 10:40:27', '0000-00-00 00:00:00', NULL, '2021-04-01 10:25:30', NULL, 0, 1, '5d28a698d955de98a9a3ba96d2fe333c', 'b0641f4e53a5a390104ec2d4ee31dr08b3l'),
('n15add375e3e4a27bbf66y73318d44cd89y', 'maxnatthpol', '$2y$10$fBy8AA1UP0jc6WfzSKs1xOukmf0AFzfWsEWlj2/KZXDioZiJvloue', 'tike.natthpol@gmail.com', 'o08f223d416f41274a85b5cc7f9bc6l777m', '2021-04-01 01:07:10', '2021-05-18 17:23:47', '2021-05-18 17:27:41', NULL, '0000-00-00 00:00:00', NULL, 1, 1, '45b1129a01ae960ece04b8de94ba5522', 'admin_max'),
('p571f43851a8571vaf90b1994250a79984v', '192.168.1.47', '$2y$10$KyfcZBnpAaf3aE3zMBxT/uLpEEWU1k05eUwZ.N5Cd/WNwyYSw3ATO', NULL, 'tecc7b75da4a064e697280w10c55d043cby', '2021-04-01 02:26:00', '2021-05-18 07:29:35', '2021-05-17 08:50:20', NULL, '2021-04-01 10:25:28', NULL, 0, 1, 'de9eebf05cdab126906b74827c57b39f', 'el7c05cfe5c562887817201caf8b34440di'),
('q02bfd06ffs5f0819ec30a4fe572b67a73c', 'supadmin', '$2y$10$s6CqhypM9oPT6aDuHiITueWvm6P06oRsdHaHKiPhtob5FOQdlhgpy', NULL, 'o08f223d416f41274a85b5cc7f9bc6l777m', '2019-11-23 16:44:32', '2021-05-16 12:12:56', '2021-05-16 12:15:44', NULL, '0000-00-00 00:00:00', NULL, 1, 1, '8fdce92b760e14c9b8f23be9ce2a2891', 'admin'),
('r726a63c93319ce50da8c508e53bc7042ed', '192.168.1.41', '$2y$10$KEIlfFuUyWXsHVioGnoPd.xwIX6xoVMejVhrqrtUyEA2s/e5PNi/y', NULL, 'tecc7b75da4a064e697280w10c55d043cby', '2021-04-01 01:18:46', '2021-05-18 11:49:18', '2021-05-18 07:47:07', NULL, '2021-04-01 10:25:37', NULL, 0, 1, 'a1fbf652b4f8d0c22de1cfb341a8070b', 'e91134133c6eedabfk63063cffd6363f8bu'),
('t8b2ac39c7d7ctbccf264cc2bd1d6229d6p', 'Admin', '$2y$10$fKGS3AAxP4cgalUiz7FHBOK2dt.j4TsctZwlfeF85Gi1xQxDI/FC6', 'admin@gmail.com', 'o08f223d416f41274a85b5cc7f9bc6l777m', '2021-04-01 01:13:22', '2021-05-16 12:11:30', '2021-05-16 12:11:57', NULL, '2021-04-01 02:06:08', NULL, 0, 1, 'f8cfd95942296a204ee55b2000ec17dc', 'x952ef7b81d11232f4d65ab4e0a761oe1cz'),
('t8ec9f4747738249a3o6292c5abce58a92i', 'สุรศักดิ์', '$2y$10$GHdTVCWxAWcKWMchyzn5GOSSqTL1PjM7RCtC/6XahPrD91.4R9dCS', NULL, 'vbjc0debfdecb8a769aa1d9d5fdcaca5dch', '2021-05-16 16:50:36', '2021-05-17 08:05:45', '2021-05-17 08:04:05', NULL, '0000-00-00 00:00:00', NULL, 0, 1, 'f4bbe51cf5aa5380980ed6bf37cb7366', 'i762ef554aa9j8a212e761871bc73058e5z'),
('tdb209e6a6f9aa0171202255da7c1caa78k', '192.168.1.48', '$2y$10$PTWOto6UdmvusAJUBfMQ2uxinpuzynImgsv47BNJcSxLpk8Wsr4WO', NULL, 'tecc7b75da4a064e697280w10c55d043cby', '2021-04-01 02:27:05', '2021-04-01 18:18:00', '0000-00-00 00:00:00', NULL, '2021-04-01 10:25:25', NULL, 0, 1, '2b28b36a5418da89757867291afdd995', 'lb89b01ac028f7331b7dc97f1c3z17267ct'),
('uab0be21c85157cbf5a3c97t271cccf230l', '192.168.1.53', '$2y$10$Jp5fcHeqK4J05FJVTbkxNOImjDzuikGlXHKRN.TZj4Fr9VMkj6Hde', NULL, 'tecc7b75da4a064e697280w10c55d043cby', '2021-05-16 11:57:35', '2021-05-18 14:06:13', '2021-05-16 12:48:41', NULL, '0000-00-00 00:00:00', NULL, 0, 1, '4b61c432004ca4d316ee94364e9af9f0', 'heeaa42206395ebcdadf44a5e4fa75fc99f'),
('v4c1653d959df2dcc343fc72cd044f5s3bs', '192.168.1.51', '$2y$10$jJ8ZzmnBgK/MjJMqiC09c.tNJ7If7TSF/OSJhfYzCWNQlG53SZFHC', NULL, 'tecc7b75da4a064e697280w10c55d043cby', '2021-05-16 11:55:32', '2021-05-18 14:21:37', '2021-05-17 16:03:29', NULL, '0000-00-00 00:00:00', NULL, 0, 1, '7a2a8696ae6cb1c71cbcc2caee3e9b12', 'x2f6be3ba0bb1f808au0d2f6de9b89ee7bw'),
('w62c15455c5882d1fbea83350c88c3c22dh', '192.168.1.49', '$2y$10$LMjvlKmGTzHgVJgj33JHK.FmHjOlzsv8V8TtND3RvhUnZwEwz28ee', NULL, 'tecc7b75da4a064e697280w10c55d043cby', '2021-04-01 02:27:20', '0000-00-00 00:00:00', '0000-00-00 00:00:00', NULL, '2021-04-01 10:25:22', NULL, 0, 1, '', 'vdb8bee2cec911dad6c875a0632b507e1fn'),
('wted76215a359e5dc948cdc03fdacd24ccc', 'ดวงเดือน', '$2y$10$Jvh2OY4UCLJ520XGAldvc.PyHBTlq8cBFZUr1eMQml3LQqVWjwJ9e', NULL, 'vbjc0debfdecb8a769aa1d9d5fdcaca5dch', '2021-05-16 16:53:15', '2021-05-18 15:15:59', '2021-05-17 09:09:02', NULL, '0000-00-00 00:00:00', NULL, 0, 1, '8134fdc2a2dd50dbe2799f9c948ad08d', 't58206e9c60d8fc36rb60cca0d69f94077p'),
('y9991gcec1067f425a3d63a50bc9d0f09fx', '192.168.1.44', '$2y$10$0zbz2fEkUAuCjeF4mausfufjDsewW3Km5y4XueZnQgt7T3MpyUcpi', NULL, 'tecc7b75da4a064e697280w10c55d043cby', '2021-04-01 02:25:26', '2021-05-18 12:00:47', '2021-05-16 16:54:44', NULL, '2021-04-01 10:25:32', NULL, 0, 1, 'c3fbcda09d389a4364fe0b12e22848c8', 'lt75f06e4896b4e641dcdaf45b954a7ae2h');

-- --------------------------------------------------------

--
-- Table structure for table `user_address`
--

CREATE TABLE `user_address` (
  `id_address` int(11) NOT NULL,
  `id_user` varchar(35) NOT NULL COMMENT 'อ้างถึง id ของ customer,tutor,employee,partner',
  `tax_number` varchar(13) DEFAULT NULL,
  `address` varchar(255) NOT NULL,
  `district` varchar(255) NOT NULL,
  `amphur` varchar(255) NOT NULL,
  `province` varchar(255) NOT NULL,
  `postcode` varchar(5) NOT NULL,
  `telephone` varchar(45) DEFAULT NULL,
  `type` tinyint(1) DEFAULT 1 COMMENT '1 = ที่อยู่ออกบิล , 2 = ที่อยู่จัดส่ง',
  `status` tinyint(1) NOT NULL COMMENT ' 1=customer,2=tutor,3=employee,4=partner',
  `create_id` varchar(35) NOT NULL,
  `create_datetime` datetime(6) NOT NULL,
  `update_id` varchar(35) DEFAULT NULL,
  `update_datetime` datetime(6) DEFAULT NULL,
  `delete_datetime` datetime(6) DEFAULT NULL
) ENGINE=InnoDB DEFAULT CHARSET=utf8 COMMENT='ที่อยู่';

-- --------------------------------------------------------

--
-- Table structure for table `user_images`
--

CREATE TABLE `user_images` (
  `id_image` int(11) NOT NULL,
  `id_user` varchar(35) DEFAULT NULL COMMENT 'อ้างถึง id ของ customer,tutor,employee',
  `name` varchar(255) DEFAULT NULL,
  `size` int(11) DEFAULT NULL,
  `date` datetime DEFAULT NULL,
  `directory` varchar(100) DEFAULT NULL,
  `active` tinyint(1) DEFAULT 0 COMMENT '1 = actived',
  `type` tinyint(1) DEFAULT NULL COMMENT '1 = customer,2 = tutor, 3 = employee,4 = Parter'
) ENGINE=InnoDB DEFAULT CHARSET=utf8 COMMENT='รูปภาพ';

--
-- Dumping data for table `user_images`
--

INSERT INTO `user_images` (`id_image`, `id_user`, `name`, `size`, `date`, `directory`, `active`, `type`) VALUES
(1, 'e91134133c6eedabfk63063cffd6363f8bu', '', 0, '2021-04-01 01:14:53', '../../uploads/2021/mod_customer/', 1, 1),
(2, 'vda8fda29bc5f349eb28df867sce70df1an', '', 0, '2021-04-01 01:15:17', '../../uploads/2021/mod_customer/', 1, 1),
(3, 'g0a042835aefc5f7b4ae33ede6j30ba87cw', '', 0, '2021-04-01 01:15:39', '../../uploads/2021/mod_customer/', 1, 1),
(4, 'lt75f06e4896b4e641dcdaf45b954a7ae2h', '', 0, '2021-04-01 01:16:25', '../../uploads/2021/mod_customer/', 1, 1),
(5, 'b0641f4e53a5a390104ec2d4ee31dr08b3l', '', 0, '2021-04-01 01:16:47', '../../uploads/2021/mod_customer/', 1, 1),
(6, 'el7c05cfe5c562887817201caf8b34440di', '', 0, '2021-04-01 01:17:07', '../../uploads/2021/mod_customer/', 1, 1),
(7, 'lb89b01ac028f7331b7dc97f1c3z17267ct', '', 0, '2021-04-01 01:17:27', '../../uploads/2021/mod_customer/', 1, 1),
(8, 'vdb8bee2cec911dad6c875a0632b507e1fn', '', 0, '2021-04-01 01:17:43', '../../uploads/2021/mod_customer/', 1, 1),
(9, 'l6cb5591de6ce759942x749b3bb729ffc0l', 'cashier-0104214796.png', 197652, '2021-04-01 02:54:15', '../../uploads/2021/mod_cashier/', 1, 2),
(10, 'fb64r71a9754df0a8b4227e33c9c73107eg', '', 0, '2021-04-01 14:50:23', '../../uploads/2021/mod_cashier/', 1, 2),
(11, 'me71b63cc7ca6dbc4bbf5487f70002ab74g', '', 0, '2021-05-16 11:36:50', '../../uploads/2021/mod_customer/', 1, 1),
(12, 'x2f6be3ba0bb1f808au0d2f6de9b89ee7bw', '', 0, '2021-05-16 11:42:35', '../../uploads/2021/mod_customer/', 1, 1),
(13, 'f5578k0721defa727e7d3c7113d91bb472x', '', 0, '2021-05-16 11:43:38', '../../uploads/2021/mod_customer/', 1, 1),
(14, 'heeaa42206395ebcdadf44a5e4fa75fc99f', '', 0, '2021-05-16 11:44:08', '../../uploads/2021/mod_customer/', 1, 1),
(15, 'j1nfc2f6d76e0458f239a74b28dff0b56dz', '', 0, '2021-05-16 11:54:06', '../../uploads/2021/mod_customer/', 1, 1),
(16, 'y396f4ac3b9085b8ecb715617a2dbb3c5cq', '', 0, '2021-05-16 11:54:38', '../../uploads/2021/mod_customer/', 1, 1),
(17, 'i762ef554aa9j8a212e761871bc73058e5z', '', 0, '2021-05-16 16:45:33', '../../uploads/2021/mod_cashier/', 1, 2),
(18, 't58206e9c60d8fc36rb60cca0d69f94077p', '', 0, '2021-05-16 16:52:26', '../../uploads/2021/mod_cashier/', 1, 2),
(19, 'h56am7c71c61eea9b4ab465d651f1cb69bs', '', 0, '2021-05-16 16:59:17', '../../uploads/2021/mod_customer/', 1, 1),
(20, 'p859fd346368d77b0053ba1749b4a1eeabo', '', 0, '2021-05-17 08:11:46', '../../uploads/2021/mod_cashier/', 1, 2);

-- --------------------------------------------------------

--
-- Table structure for table `user_permissions`
--

CREATE TABLE `user_permissions` (
  `id_user_perm` int(11) NOT NULL,
  `id_system` int(11) NOT NULL,
  `permissions` text DEFAULT NULL,
  `id_user` varchar(35) NOT NULL
) ENGINE=InnoDB DEFAULT CHARSET=utf8;

--
-- Dumping data for table `user_permissions`
--

INSERT INTO `user_permissions` (`id_user_perm`, `id_system`, `permissions`, `id_user`) VALUES
(6, 2, '1, 2, 3, 4, 5, 6, 7, 8', 'x2250d1337390f4ee4566f156fe83e6707k'),
(7, 1, '1, 2, 3, 4, 5, 6, 7, 8', 'x2250d1337390f4ee4566f156fe83e6707k'),
(11, 7, '1, 2, 3, 4, 5, 6, 7, 8', 'r7ef62dwc60eadf66e213249d4f7817f6ep'),
(12, 2, '1, 2, 3, 4, 5, 6, 7, 8', 'yad5fde00268j436112e3002741f15e72bm'),
(13, 4, '1, 2, 3, 4, 5, 6, 7, 8', 'yad5fde00268j436112e3002741f15e72bm'),
(14, 5, '1, 2, 3, 4, 5, 6, 7, 8', 'yad5fde00268j436112e3002741f15e72bm'),
(15, 6, '1, 2, 3, 4, 5, 6, 7, 8', 'yad5fde00268j436112e3002741f15e72bm'),
(16, 7, '1, 2, 3, 4, 5, 6, 7, 8', 'yad5fde00268j436112e3002741f15e72bm'),
(17, 1, '1, 2, 3, 4, 5, 6, 7, 8', 'yad5fde00268j436112e3002741f15e72bm'),
(24, 6, '1, 2, 3, 4, 5, 6, 7, 8', 'y1c0e989be2314eeaz82971968f9768a2ah'),
(25, 17, '1, 2, 3, 4, 5, 6, 7, 8', 'b051k42a04abbd60dc5188557ace25102bx'),
(26, 2, '1, 2, 3, 4, 5, 6, 7, 8', 'v14f4d9c9cc9001479a3e5e87j595dd8a1m'),
(27, 4, '1, 2, 3, 4, 5, 6, 7, 8', 'v14f4d9c9cc9001479a3e5e87j595dd8a1m'),
(28, 5, '1, 2, 3, 4, 5, 6, 7, 8', 'v14f4d9c9cc9001479a3e5e87j595dd8a1m'),
(29, 7, '1, 2, 3, 4, 5, 6, 7, 8', 'v14f4d9c9cc9001479a3e5e87j595dd8a1m'),
(30, 9, '1, 2, 3, 4, 5, 6, 7, 8', 'v14f4d9c9cc9001479a3e5e87j595dd8a1m'),
(31, 10, '1, 2, 3, 4, 5, 6, 7, 8', 'v14f4d9c9cc9001479a3e5e87j595dd8a1m'),
(32, 11, '1, 2, 3, 4, 5, 6, 7, 8', 'v14f4d9c9cc9001479a3e5e87j595dd8a1m'),
(33, 13, '1, 2, 3, 4, 5, 6, 7, 8', 'v14f4d9c9cc9001479a3e5e87j595dd8a1m'),
(34, 14, '1, 2, 3, 4, 5, 6, 7, 8', 'v14f4d9c9cc9001479a3e5e87j595dd8a1m'),
(35, 6, '1, 2, 3, 4, 5, 6, 7, 8', 'v14f4d9c9cc9001479a3e5e87j595dd8a1m'),
(36, 15, '1, 2, 3, 4, 5, 6, 7, 8', 'v14f4d9c9cc9001479a3e5e87j595dd8a1m'),
(37, 17, '1, 2, 3, 4, 5, 6, 7, 8', 'v14f4d9c9cc9001479a3e5e87j595dd8a1m'),
(38, 18, '1, 2, 3, 4, 5, 6, 7, 8', 'v14f4d9c9cc9001479a3e5e87j595dd8a1m'),
(39, 1, '1, 2, 3, 4, 5, 6, 7, 8', 'v14f4d9c9cc9001479a3e5e87j595dd8a1m'),
(57, 19, '1, 2, 3, 4, 5, 6, 7, 8', 'vad9b621d5bd83fa43a0de54c56d390659p'),
(58, 20, '1, 2, 3, 4, 5, 6, 7, 8', 'vad9b621d5bd83fa43a0de54c56d390659p'),
(65, 21, '1, 2, 3, 4, 5, 6, 7, 8', 'w2f06a46d7df0cb103f4evdec59f2e9eaby'),
(66, 22, '1, 2, 3, 4, 5, 6, 7, 8', 'w2f06a46d7df0cb103f4evdec59f2e9eaby'),
(67, 23, '1, 2, 3, 4, 5, 6, 7, 8', 'w2f06a46d7df0cb103f4evdec59f2e9eaby'),
(68, 24, '1, 2, 3, 4, 5, 6, 7, 8', 'w2f06a46d7df0cb103f4evdec59f2e9eaby'),
(91, 19, '1, 2, 3, 4, 5, 6, 7, 8', 'r726a63c93319ce50da8c508e53bc7042ed'),
(92, 20, '1, 2, 3, 4, 5, 6, 7, 8', 'r726a63c93319ce50da8c508e53bc7042ed'),
(146, 19, '1, 2, 3, 4, 5, 6, 7, 8', 'a53deb97be9b18bfh743f3d18e4197a349y'),
(147, 20, '1, 2, 3, 4, 5, 6, 7, 8', 'a53deb97be9b18bfh743f3d18e4197a349y'),
(148, 19, '1, 2, 3, 4, 5, 6, 7, 8', 'i34fb36ac6808410ad9e1ab0e7ff22ffe0b'),
(149, 20, '1, 2, 3, 4, 5, 6, 7, 8', 'i34fb36ac6808410ad9e1ab0e7ff22ffe0b'),
(150, 19, '1, 2, 3, 4, 5, 6, 7, 8', 'y9991gcec1067f425a3d63a50bc9d0f09fx'),
(151, 20, '1, 2, 3, 4, 5, 6, 7, 8', 'y9991gcec1067f425a3d63a50bc9d0f09fx'),
(160, 19, '1, 2, 3, 4, 5, 6, 7, 8', 't8b2ac39c7d7ctbccf264cc2bd1d6229d6p'),
(161, 20, '1, 2, 3, 4, 5, 6, 7, 8', 't8b2ac39c7d7ctbccf264cc2bd1d6229d6p'),
(162, 21, '1, 2, 3, 4, 5, 6, 7, 8', 't8b2ac39c7d7ctbccf264cc2bd1d6229d6p'),
(163, 22, '1, 2, 3, 4, 5, 6, 7, 8', 't8b2ac39c7d7ctbccf264cc2bd1d6229d6p'),
(164, 23, '1, 2, 3, 4, 5, 6, 7, 8', 't8b2ac39c7d7ctbccf264cc2bd1d6229d6p'),
(165, 24, '1, 2, 3, 4, 5, 6, 7, 8', 't8b2ac39c7d7ctbccf264cc2bd1d6229d6p'),
(166, 25, '1, 2, 3, 4, 5, 6, 7, 8', 't8b2ac39c7d7ctbccf264cc2bd1d6229d6p'),
(167, 26, '1, 2, 3, 4, 5, 6, 7, 8', 't8b2ac39c7d7ctbccf264cc2bd1d6229d6p'),
(168, 28, '1, 2, 3, 4, 5, 6, 7, 8', 't8b2ac39c7d7ctbccf264cc2bd1d6229d6p'),
(169, 29, '1, 2, 3, 4, 5, 6, 7, 8', 't8b2ac39c7d7ctbccf264cc2bd1d6229d6p'),
(170, 30, '1, 2, 3, 4, 5, 6, 7, 8', 't8b2ac39c7d7ctbccf264cc2bd1d6229d6p'),
(171, 37, '1, 2, 3, 4, 5, 6, 7, 8', 't8b2ac39c7d7ctbccf264cc2bd1d6229d6p'),
(172, 33, '1, 2, 3, 4, 5, 6, 7, 8', 't8b2ac39c7d7ctbccf264cc2bd1d6229d6p'),
(173, 34, '1, 2, 3, 4, 5, 6, 7, 8', 't8b2ac39c7d7ctbccf264cc2bd1d6229d6p'),
(174, 35, '1, 2, 3, 4, 5, 6, 7, 8', 't8b2ac39c7d7ctbccf264cc2bd1d6229d6p'),
(175, 36, '1, 2, 3, 4, 5, 6, 7, 8', 't8b2ac39c7d7ctbccf264cc2bd1d6229d6p'),
(176, 32, '1, 2, 3, 4, 5, 6, 7, 8', 't8b2ac39c7d7ctbccf264cc2bd1d6229d6p'),
(177, 21, '1, 2, 3, 4, 5, 6, 7, 8', 'c3e4e3c777dcd30c270feba59pd4f79896e'),
(178, 22, '1, 2, 3, 4, 5, 6, 7, 8', 'c3e4e3c777dcd30c270feba59pd4f79896e'),
(179, 23, '1, 2, 3, 4, 5, 6, 7, 8', 'c3e4e3c777dcd30c270feba59pd4f79896e'),
(180, 24, '1, 2, 3, 4, 5, 6, 7, 8', 'c3e4e3c777dcd30c270feba59pd4f79896e'),
(191, 19, '1, 2, 3, 4, 5, 6, 7, 8', 'k5c1a67703247d9a4c79716778fcga7acdy'),
(192, 20, '1, 2, 3, 4, 5, 6, 7, 8', 'k5c1a67703247d9a4c79716778fcga7acdy'),
(193, 19, '1, 2, 3, 4, 5, 6, 7, 8', 'p571f43851a8571vaf90b1994250a79984v'),
(194, 20, '1, 2, 3, 4, 5, 6, 7, 8', 'p571f43851a8571vaf90b1994250a79984v'),
(195, 19, '1, 2, 3, 4, 5, 6, 7, 8', 'tdb209e6a6f9aa0171202255da7c1caa78k'),
(196, 20, '1, 2, 3, 4, 5, 6, 7, 8', 'tdb209e6a6f9aa0171202255da7c1caa78k'),
(197, 19, '1, 2, 3, 4, 5, 6, 7, 8', 'w62c15455c5882d1fbea83350c88c3c22dh'),
(198, 20, '1, 2, 3, 4, 5, 6, 7, 8', 'w62c15455c5882d1fbea83350c88c3c22dh'),
(214, 21, '1, 2, 3, 4, 5, 6, 7, 8', 'ibdcd8bf610b7456b42d326bb2o7ab472be'),
(215, 22, '1, 2, 3, 4, 5, 6, 7, 8', 'ibdcd8bf610b7456b42d326bb2o7ab472be'),
(216, 23, '1, 2, 3, 4, 5, 6, 7, 8', 'ibdcd8bf610b7456b42d326bb2o7ab472be'),
(217, 24, '1, 2, 3, 4, 5, 6, 7, 8', 'ibdcd8bf610b7456b42d326bb2o7ab472be'),
(229, 19, '1, 2, 3, 4, 5, 6, 7, 8', 'k3311b544b6d1f2f60205t9e905aa044d9v'),
(230, 20, '1, 2, 3, 4, 5, 6, 7, 8', 'k3311b544b6d1f2f60205t9e905aa044d9v'),
(231, 19, '1, 2, 3, 4, 5, 6, 7, 8', 'v4c1653d959df2dcc343fc72cd044f5s3bs'),
(232, 20, '1, 2, 3, 4, 5, 6, 7, 8', 'v4c1653d959df2dcc343fc72cd044f5s3bs'),
(233, 19, '1, 2, 3, 4, 5, 6, 7, 8', 'd0c091ad60215c9078a640eb7fa0e132bdz'),
(234, 20, '1, 2, 3, 4, 5, 6, 7, 8', 'd0c091ad60215c9078a640eb7fa0e132bdz'),
(235, 19, '1, 2, 3, 4, 5, 6, 7, 8', 'uab0be21c85157cbf5a3c97t271cccf230l'),
(236, 20, '1, 2, 3, 4, 5, 6, 7, 8', 'uab0be21c85157cbf5a3c97t271cccf230l'),
(237, 19, '1, 2, 3, 4, 5, 6, 7, 8', 'i4a66201a9b5d8e7ee069213e3e3caf03aj'),
(238, 20, '1, 2, 3, 4, 5, 6, 7, 8', 'i4a66201a9b5d8e7ee069213e3e3caf03aj'),
(239, 19, '1, 2, 3, 4, 5, 6, 7, 8', 'j7a4c6eg112c11e14c1b4406938ed4dbb0k'),
(240, 20, '1, 2, 3, 4, 5, 6, 7, 8', 'j7a4c6eg112c11e14c1b4406938ed4dbb0k'),
(253, 21, '1, 2, 3, 4, 5, 6, 7, 8', 't8ec9f4747738249a3o6292c5abce58a92i'),
(254, 22, '1, 2, 3, 4, 5, 6, 7, 8', 't8ec9f4747738249a3o6292c5abce58a92i'),
(255, 23, '1, 2, 3, 4, 5, 6, 7, 8', 't8ec9f4747738249a3o6292c5abce58a92i'),
(256, 24, '1, 2, 3, 4, 5, 6, 7, 8', 't8ec9f4747738249a3o6292c5abce58a92i'),
(257, 21, '1, 2, 3, 4, 5, 6, 7, 8', 'wted76215a359e5dc948cdc03fdacd24ccc'),
(258, 22, '1, 2, 3, 4, 5, 6, 7, 8', 'wted76215a359e5dc948cdc03fdacd24ccc'),
(259, 23, '1, 2, 3, 4, 5, 6, 7, 8', 'wted76215a359e5dc948cdc03fdacd24ccc'),
(260, 24, '1, 2, 3, 4, 5, 6, 7, 8', 'wted76215a359e5dc948cdc03fdacd24ccc'),
(261, 19, '1, 2, 3, 4, 5, 6, 7, 8', 'k29534aa2e72272adb92da84b3d78c1fdcl'),
(262, 20, '1, 2, 3, 4, 5, 6, 7, 8', 'k29534aa2e72272adb92da84b3d78c1fdcl'),
(263, 21, '1, 2, 3, 4, 5, 6, 7, 8', 'k29534aa2e72272adb92da84b3d78c1fdcl'),
(264, 22, '1, 2, 3, 4, 5, 6, 7, 8', 'k29534aa2e72272adb92da84b3d78c1fdcl'),
(265, 23, '1, 2, 3, 4, 5, 6, 7, 8', 'k29534aa2e72272adb92da84b3d78c1fdcl'),
(266, 24, '1, 2, 3, 4, 5, 6, 7, 8', 'k29534aa2e72272adb92da84b3d78c1fdcl'),
(267, 25, '1, 2, 3, 4, 5, 6, 7, 8', 'k29534aa2e72272adb92da84b3d78c1fdcl'),
(268, 26, '1, 2, 3, 4, 5, 6, 7, 8', 'k29534aa2e72272adb92da84b3d78c1fdcl'),
(269, 28, '1, 2, 3, 4, 5, 6, 7, 8', 'k29534aa2e72272adb92da84b3d78c1fdcl'),
(270, 29, '1, 2, 3, 4, 5, 6, 7, 8', 'k29534aa2e72272adb92da84b3d78c1fdcl'),
(271, 30, '1, 2, 3, 4, 5, 6, 7, 8', 'k29534aa2e72272adb92da84b3d78c1fdcl'),
(272, 37, '1, 2, 3, 4, 5, 6, 7, 8', 'k29534aa2e72272adb92da84b3d78c1fdcl'),
(273, 33, '1, 2, 3, 4, 5, 6, 7, 8', 'k29534aa2e72272adb92da84b3d78c1fdcl'),
(274, 34, '1, 2, 3, 4, 5, 6, 7, 8', 'k29534aa2e72272adb92da84b3d78c1fdcl'),
(275, 35, '1, 2, 3, 4, 5, 6, 7, 8', 'k29534aa2e72272adb92da84b3d78c1fdcl'),
(276, 36, '1, 2, 3, 4, 5, 6, 7, 8', 'k29534aa2e72272adb92da84b3d78c1fdcl'),
(277, 32, '1, 2, 3, 4, 5, 6, 7, 8', 'k29534aa2e72272adb92da84b3d78c1fdcl');

-- --------------------------------------------------------

--
-- Table structure for table `user_roles`
--

CREATE TABLE `user_roles` (
  `id_user_role` int(11) NOT NULL,
  `id_user` varchar(35) NOT NULL,
  `id_role` varchar(35) NOT NULL
) ENGINE=InnoDB DEFAULT CHARSET=utf8;

--
-- Indexes for dumped tables
--

--
-- Indexes for table `bank`
--
ALTER TABLE `bank`
  ADD PRIMARY KEY (`id_bank`);

--
-- Indexes for table `card`
--
ALTER TABLE `card`
  ADD PRIMARY KEY (`id`);

--
-- Indexes for table `category`
--
ALTER TABLE `category`
  ADD PRIMARY KEY (`id_category`);

--
-- Indexes for table `contact`
--
ALTER TABLE `contact`
  ADD PRIMARY KEY (`id_contact`);

--
-- Indexes for table `contact_reply`
--
ALTER TABLE `contact_reply`
  ADD PRIMARY KEY (`id_reply`);

--
-- Indexes for table `data_working_card`
--
ALTER TABLE `data_working_card`
  ADD PRIMARY KEY (`id`);

--
-- Indexes for table `freedom_page`
--
ALTER TABLE `freedom_page`
  ADD PRIMARY KEY (`id_page`);

--
-- Indexes for table `froala_uploads`
--
ALTER TABLE `froala_uploads`
  ADD PRIMARY KEY (`id_uploads`);

--
-- Indexes for table `heading`
--
ALTER TABLE `heading`
  ADD PRIMARY KEY (`id_heading`),
  ADD UNIQUE KEY `tag_UNIQUE` (`tag`);

--
-- Indexes for table `history_payment_shop`
--
ALTER TABLE `history_payment_shop`
  ADD PRIMARY KEY (`id_history_pay`);

--
-- Indexes for table `images`
--
ALTER TABLE `images`
  ADD PRIMARY KEY (`id_image`);

--
-- Indexes for table `image_category`
--
ALTER TABLE `image_category`
  ADD PRIMARY KEY (`id_catagory`);

--
-- Indexes for table `link_page`
--
ALTER TABLE `link_page`
  ADD PRIMARY KEY (`id_link`);

--
-- Indexes for table `mod_cashier`
--
ALTER TABLE `mod_cashier`
  ADD PRIMARY KEY (`id_cashier`);

--
-- Indexes for table `mod_cashier_sales_store`
--
ALTER TABLE `mod_cashier_sales_store`
  ADD PRIMARY KEY (`id`);

--
-- Indexes for table `mod_contact`
--
ALTER TABLE `mod_contact`
  ADD PRIMARY KEY (`id_mail`);

--
-- Indexes for table `mod_customer`
--
ALTER TABLE `mod_customer`
  ADD PRIMARY KEY (`id_customer`);

--
-- Indexes for table `mod_employee`
--
ALTER TABLE `mod_employee`
  ADD PRIMARY KEY (`id_employee`);

--
-- Indexes for table `mod_employee_image`
--
ALTER TABLE `mod_employee_image`
  ADD PRIMARY KEY (`id_image`);

--
-- Indexes for table `mod_sales_store`
--
ALTER TABLE `mod_sales_store`
  ADD PRIMARY KEY (`sales_store_id`);

--
-- Indexes for table `percent_customer_history`
--
ALTER TABLE `percent_customer_history`
  ADD PRIMARY KEY (`percent_cus_id`);

--
-- Indexes for table `permissions`
--
ALTER TABLE `permissions`
  ADD PRIMARY KEY (`id_perm`);

--
-- Indexes for table `product`
--
ALTER TABLE `product`
  ADD PRIMARY KEY (`id_product`);

--
-- Indexes for table `product_catagory`
--
ALTER TABLE `product_catagory`
  ADD PRIMARY KEY (`id_catagory`);

--
-- Indexes for table `product_image`
--
ALTER TABLE `product_image`
  ADD PRIMARY KEY (`id_image`),
  ADD KEY `id_product` (`id_product`);

--
-- Indexes for table `property`
--
ALTER TABLE `property`
  ADD PRIMARY KEY (`id_property`);

--
-- Indexes for table `roles`
--
ALTER TABLE `roles`
  ADD PRIMARY KEY (`id_role`);

--
-- Indexes for table `role_permissions`
--
ALTER TABLE `role_permissions`
  ADD PRIMARY KEY (`id_role_perm`);

--
-- Indexes for table `settings`
--
ALTER TABLE `settings`
  ADD PRIMARY KEY (`id`),
  ADD KEY `index_settings_on_name` (`name`);

--
-- Indexes for table `slide`
--
ALTER TABLE `slide`
  ADD PRIMARY KEY (`id_slide`);

--
-- Indexes for table `slide_image`
--
ALTER TABLE `slide_image`
  ADD PRIMARY KEY (`id_image`),
  ADD KEY `id_slide` (`id_slide`);

--
-- Indexes for table `system`
--
ALTER TABLE `system`
  ADD PRIMARY KEY (`id_system`);

--
-- Indexes for table `users`
--
ALTER TABLE `users`
  ADD PRIMARY KEY (`id_user`),
  ADD UNIQUE KEY `user_email` (`user_email`);

--
-- Indexes for table `user_address`
--
ALTER TABLE `user_address`
  ADD PRIMARY KEY (`id_address`);

--
-- Indexes for table `user_images`
--
ALTER TABLE `user_images`
  ADD PRIMARY KEY (`id_image`);

--
-- Indexes for table `user_permissions`
--
ALTER TABLE `user_permissions`
  ADD PRIMARY KEY (`id_user_perm`);

--
-- Indexes for table `user_roles`
--
ALTER TABLE `user_roles`
  ADD PRIMARY KEY (`id_user_role`);

--
-- AUTO_INCREMENT for dumped tables
--

--
-- AUTO_INCREMENT for table `bank`
--
ALTER TABLE `bank`
  MODIFY `id_bank` int(11) NOT NULL AUTO_INCREMENT;

--
-- AUTO_INCREMENT for table `category`
--
ALTER TABLE `category`
  MODIFY `id_category` int(11) NOT NULL AUTO_INCREMENT, AUTO_INCREMENT=6;

--
-- AUTO_INCREMENT for table `contact`
--
ALTER TABLE `contact`
  MODIFY `id_contact` int(11) NOT NULL AUTO_INCREMENT;

--
-- AUTO_INCREMENT for table `contact_reply`
--
ALTER TABLE `contact_reply`
  MODIFY `id_reply` int(11) NOT NULL AUTO_INCREMENT;

--
-- AUTO_INCREMENT for table `freedom_page`
--
ALTER TABLE `freedom_page`
  MODIFY `id_page` int(11) NOT NULL AUTO_INCREMENT;

--
-- AUTO_INCREMENT for table `froala_uploads`
--
ALTER TABLE `froala_uploads`
  MODIFY `id_uploads` int(11) NOT NULL AUTO_INCREMENT, AUTO_INCREMENT=2;

--
-- AUTO_INCREMENT for table `heading`
--
ALTER TABLE `heading`
  MODIFY `id_heading` int(11) NOT NULL AUTO_INCREMENT;

--
-- AUTO_INCREMENT for table `images`
--
ALTER TABLE `images`
  MODIFY `id_image` int(11) NOT NULL AUTO_INCREMENT;

--
-- AUTO_INCREMENT for table `image_category`
--
ALTER TABLE `image_category`
  MODIFY `id_catagory` int(11) NOT NULL AUTO_INCREMENT;

--
-- AUTO_INCREMENT for table `link_page`
--
ALTER TABLE `link_page`
  MODIFY `id_link` int(11) NOT NULL AUTO_INCREMENT;

--
-- AUTO_INCREMENT for table `mod_contact`
--
ALTER TABLE `mod_contact`
  MODIFY `id_mail` int(11) NOT NULL AUTO_INCREMENT;

--
-- AUTO_INCREMENT for table `mod_employee_image`
--
ALTER TABLE `mod_employee_image`
  MODIFY `id_image` int(11) NOT NULL AUTO_INCREMENT, AUTO_INCREMENT=2;

--
-- AUTO_INCREMENT for table `permissions`
--
ALTER TABLE `permissions`
  MODIFY `id_perm` int(11) NOT NULL AUTO_INCREMENT, AUTO_INCREMENT=9;

--
-- AUTO_INCREMENT for table `product_catagory`
--
ALTER TABLE `product_catagory`
  MODIFY `id_catagory` int(11) NOT NULL AUTO_INCREMENT, AUTO_INCREMENT=26;

--
-- AUTO_INCREMENT for table `property`
--
ALTER TABLE `property`
  MODIFY `id_property` int(11) NOT NULL AUTO_INCREMENT;

--
-- AUTO_INCREMENT for table `role_permissions`
--
ALTER TABLE `role_permissions`
  MODIFY `id_role_perm` int(11) NOT NULL AUTO_INCREMENT, AUTO_INCREMENT=186;

--
-- AUTO_INCREMENT for table `settings`
--
ALTER TABLE `settings`
  MODIFY `id` int(11) NOT NULL AUTO_INCREMENT, AUTO_INCREMENT=36;

--
-- AUTO_INCREMENT for table `slide`
--
ALTER TABLE `slide`
  MODIFY `id_slide` int(11) NOT NULL AUTO_INCREMENT;

--
-- AUTO_INCREMENT for table `slide_image`
--
ALTER TABLE `slide_image`
  MODIFY `id_image` int(11) NOT NULL AUTO_INCREMENT;

--
-- AUTO_INCREMENT for table `system`
--
ALTER TABLE `system`
  MODIFY `id_system` int(11) NOT NULL AUTO_INCREMENT, AUTO_INCREMENT=38;

--
-- AUTO_INCREMENT for table `user_address`
--
ALTER TABLE `user_address`
  MODIFY `id_address` int(11) NOT NULL AUTO_INCREMENT;

--
-- AUTO_INCREMENT for table `user_images`
--
ALTER TABLE `user_images`
  MODIFY `id_image` int(11) NOT NULL AUTO_INCREMENT, AUTO_INCREMENT=21;

--
-- AUTO_INCREMENT for table `user_permissions`
--
ALTER TABLE `user_permissions`
  MODIFY `id_user_perm` int(11) NOT NULL AUTO_INCREMENT, AUTO_INCREMENT=278;

--
-- AUTO_INCREMENT for table `user_roles`
--
ALTER TABLE `user_roles`
  MODIFY `id_user_role` int(11) NOT NULL AUTO_INCREMENT;
COMMIT;

/*!40101 SET CHARACTER_SET_CLIENT=@OLD_CHARACTER_SET_CLIENT */;
/*!40101 SET CHARACTER_SET_RESULTS=@OLD_CHARACTER_SET_RESULTS */;
/*!40101 SET COLLATION_CONNECTION=@OLD_COLLATION_CONNECTION */;
